path,action,reason
inbox/google-drive/2026-04/ingest-2026-04-20-net-new/1.0 Strategy/AdLib - White Paper 2018-07-18.docx,include,review include candidate
inbox/google-drive/2026-04/ingest-2026-04-20-net-new/1.0 Strategy/AdLib Pilot Workflow 2018-04-25.pdf,include,review include candidate
inbox/google-drive/2026-04/ingest-2026-04-20-net-new/1.0 Strategy/AdOps - Weekly Status Meeting 2018-10-31.pptx,include,review include candidate
inbox/google-drive/2026-04/ingest-2026-04-20-net-new/1.0 Strategy/AdOps Timeline Progressions 2018-09-21.pptx,include,review include candidate
inbox/google-drive/2026-04/ingest-2026-04-20-net-new/1.0 Strategy/AdStor-AdBridge Feature Compare 2018-08-21.xlsx,include,review include candidate
inbox/google-drive/2026-04/ingest-2026-04-20-net-new/1.0 Strategy/Industry Best Practices.docx,include,review include candidate
inbox/google-drive/2026-04/ingest-2026-04-20-net-new/2.0 Business Model/Ad Ecosystem View 2018-08-08.xlsx,include,review include candidate
inbox/google-drive/2026-04/ingest-2026-04-20-net-new/2.0 Business Model/Sell Side Business Model - Nat STB-VOD 2018-08-12.xlsx,include,review include candidate
inbox/google-drive/2026-04/ingest-2026-04-20-net-new/2.0 Business Model/VOD-Deliveries.xlsx,include,review include candidate
inbox/google-drive/2026-04/ingest-2026-04-20-net-new/20260316_counsel_packet_refresh/BUSINESS_ENTITY_AND_RELATIONSHIP_MAP.md.docx,include,review include candidate
inbox/google-drive/2026-04/ingest-2026-04-20-net-new/20260316_counsel_packet_refresh/BUSINESS_RELATIONSHIP_AND_FUNDS_FLOW_MAP.md.docx,include,review include candidate
inbox/google-drive/2026-04/ingest-2026-04-20-net-new/20260316_counsel_packet_refresh/CASE_SUMMARY_FOR_COUNSEL.md.docx,include,review include candidate
inbox/google-drive/2026-04/ingest-2026-04-20-net-new/20260316_counsel_packet_refresh/CODEx_COMPLETION_REPORT.md.docx,include,review include candidate
inbox/google-drive/2026-04/ingest-2026-04-20-net-new/20260316_counsel_packet_refresh/EXECUTIVE_SUMMARY_BANKRUPTCY_NARRATIVE.md.docx,include,review include candidate
inbox/google-drive/2026-04/ingest-2026-04-20-net-new/20260316_counsel_packet_refresh/FINANCIAL_TIMELINE_FOR_COUNSEL.md.docx,include,review include candidate
inbox/google-drive/2026-04/ingest-2026-04-20-net-new/20260316_counsel_packet_refresh/FOLDER_REORGANIZATION_PLAN.md.docx,include,review include candidate
inbox/google-drive/2026-04/ingest-2026-04-20-net-new/20260316_counsel_packet_refresh/INTEGRATED_FINANCIAL_OVERVIEW_FOR_NEW_COUNSEL.md.docx,include,review include candidate
inbox/google-drive/2026-04/ingest-2026-04-20-net-new/20260316_counsel_packet_refresh/LARGE_TRANSACTION_EXPLANATION_SHEET.md.docx,include,review include candidate
inbox/google-drive/2026-04/ingest-2026-04-20-net-new/20260316_counsel_packet_refresh/MAY_2024_WIRE_AND_DEBIT_MEMO_ANALYSIS.md.docx,include,review include candidate
inbox/google-drive/2026-04/ingest-2026-04-20-net-new/20260316_counsel_packet_refresh/README_ATTORNEY_PACKET.md.docx,include,review include candidate
inbox/google-drive/2026-04/ingest-2026-04-20-net-new/20260316_counsel_packet_refresh/SBA_OBLIGATION_AND_DOCUMENT_GAP_MEMO.md.docx,include,review include candidate
inbox/google-drive/2026-04/ingest-2026-04-20-net-new/20260316_counsel_packet_refresh/TRUSTEE_QUESTION_PREP.md.docx,include,review include candidate
inbox/google-drive/2026-04/ingest-2026-04-20-net-new/20260316_counsel_packet_refresh/UPLOADS_NEEDED_PRIORITY_LIST.md.docx,include,review include candidate
inbox/google-drive/2026-04/ingest-2026-04-20-net-new/3.0 Product Detail/AdLib - Product Brief 2018-02-01.docx,include,review include candidate
inbox/google-drive/2026-04/ingest-2026-04-20-net-new/3.0 Product Detail/AdLib Connection Diagram 2018-02-27.pdf,include,review include candidate
inbox/google-drive/2026-04/ingest-2026-04-20-net-new/3.0 Product Detail/AdLib Use Cases Summary 2018-01-01.docx,include,review include candidate
inbox/google-drive/2026-04/ingest-2026-04-20-net-new/3.0 Product Detail/Order Processing Diagram 2018-05-23.pdf,include,review include candidate
inbox/google-drive/2026-04/ingest-2026-04-20-net-new/3.0 Product Detail/Pointer Generation and Mangement Use Case 2018-04-18.docx,include,review include candidate
inbox/google-drive/2026-04/ingest-2026-04-20-net-new/3.0 Product Detail/User Persona Programmer Ad Ops 2018-01-26.docx,include,review include candidate
inbox/google-drive/2026-04/ingest-2026-04-20-net-new/3.0 Product Detail/User Story - Campaign Manager 2018-02-02.docx,include,review include candidate
inbox/google-drive/2026-04/ingest-2026-04-20-net-new/Aneumind/2 LOMN JER.pdf,include,review include candidate
inbox/google-drive/2026-04/ingest-2026-04-20-net-new/Aneumind/2023-06-07 2318_Richards_Jason_926612.pdf,include,review include candidate
inbox/google-drive/2026-04/ingest-2026-04-20-net-new/Aneumind/2024-01-03 0642_Richards_Jason_926612.pdf,include,review include candidate
inbox/google-drive/2026-04/ingest-2026-04-20-net-new/Aneumind/2024-06-10 2233_Richards_Jason_926612.pdf,include,review include candidate
inbox/google-drive/2026-04/ingest-2026-04-20-net-new/Aneumind/3505427_STOCK.zip,include,review include candidate
inbox/google-drive/2026-04/ingest-2026-04-20-net-new/Aneumind/601CDAGVNLU649-CertifiedCrashRecord-5972888.pdf,include,review include candidate
inbox/google-drive/2026-04/ingest-2026-04-20-net-new/Aneumind/ARV W-9 SIGNED.pdf,include,review include candidate
"inbox/google-drive/2026-04/ingest-2026-04-20-net-new/Aneumind/Adobe Scan Aug 01, 2024.pdf",include,review include candidate
inbox/google-drive/2026-04/ingest-2026-04-20-net-new/Aneumind/Aneumind ads.jpg,include,review include candidate
inbox/google-drive/2026-04/ingest-2026-04-20-net-new/Aneumind/Audio_07_28_2025_21_29_20.mp3,include,review include candidate
inbox/google-drive/2026-04/ingest-2026-04-20-net-new/Aneumind/BrandonDewayneGarner-InteliusReport.pdf,include,review include candidate
inbox/google-drive/2026-04/ingest-2026-04-20-net-new/Aneumind/Children consent for ZG.pdf,include,review include candidate
inbox/google-drive/2026-04/ingest-2026-04-20-net-new/Aneumind/Complete_with_DocuSign_JR_med_agreement_1pd.pdf,include,review include candidate
inbox/google-drive/2026-04/ingest-2026-04-20-net-new/Aneumind/DPS x Cignition Informational Flyer (_23-24).pdf,include,review include candidate
inbox/google-drive/2026-04/ingest-2026-04-20-net-new/Aneumind/Day Trips Base Packing List .pdf,include,review include candidate
inbox/google-drive/2026-04/ingest-2026-04-20-net-new/Aneumind/Document_2024-08-07_141144.pdf,include,review include candidate
inbox/google-drive/2026-04/ingest-2026-04-20-net-new/Aneumind/Form W-9.pdf,include,review include candidate
inbox/google-drive/2026-04/ingest-2026-04-20-net-new/Aneumind/IND_Eligibility Change with SEP (ELG-101-03)-4001166271-2-Jan-2024.docx,include,review include candidate
inbox/google-drive/2026-04/ingest-2026-04-20-net-new/Aneumind/IND_IRS 1095A Tax Form-4001166271-18-Jan-2024.pdf,include,review include candidate
inbox/google-drive/2026-04/ingest-2026-04-20-net-new/Aneumind/INSPECTION OBJECTION.pdf,include,review include candidate
inbox/google-drive/2026-04/ingest-2026-04-20-net-new/Aneumind/Jason_ClinicalSummary.zip,include,review include candidate
inbox/google-drive/2026-04/ingest-2026-04-20-net-new/Aneumind/MeSt MINDGYM complete.pdf,include,review include candidate
inbox/google-drive/2026-04/ingest-2026-04-20-net-new/Aneumind/My Song.band/Caches.nosync/_cacheInfo.xml,exclude,derived GarageBand/system cache metadata
inbox/google-drive/2026-04/ingest-2026-04-20-net-new/Aneumind/My Song.band/Contents/PkgInfo,exclude,derived GarageBand/system cache metadata
inbox/google-drive/2026-04/ingest-2026-04-20-net-new/Aneumind/My Song.band/Output/_cacheInfo.xml,exclude,derived GarageBand/system cache metadata
inbox/google-drive/2026-04/ingest-2026-04-20-net-new/Aneumind/My Song.band/Output/arrange_screenshot.png,include,review include candidate
inbox/google-drive/2026-04/ingest-2026-04-20-net-new/Aneumind/My Song.band/Output/arrange_screenshot_big.png,include,review include candidate
inbox/google-drive/2026-04/ingest-2026-04-20-net-new/Aneumind/My Song.band/Output/assetsmetadata.plist,exclude,derived GarageBand/system cache metadata
inbox/google-drive/2026-04/ingest-2026-04-20-net-new/Aneumind/My Song.band/Output/metadata.plist,exclude,derived GarageBand/system cache metadata
inbox/google-drive/2026-04/ingest-2026-04-20-net-new/Aneumind/My Song.band/projectData.xml,include,project content descriptor
inbox/google-drive/2026-04/ingest-2026-04-20-net-new/Aneumind/OrderConfirmation_423907-285-3047-D6-147.pdf,include,review include candidate
inbox/google-drive/2026-04/ingest-2026-04-20-net-new/Aneumind/Release form English.PDF,include,review include candidate
inbox/google-drive/2026-04/ingest-2026-04-20-net-new/Aneumind/Residential Rental Agreement.pdf,include,review include candidate
inbox/google-drive/2026-04/ingest-2026-04-20-net-new/Aneumind/Screenshot 2025-03-10 at 10.23.23 AM.png,include,review include candidate
inbox/google-drive/2026-04/ingest-2026-04-20-net-new/Aneumind/Screenshot 2025-07-08 at 5.00.09 PM.png,include,review include candidate
inbox/google-drive/2026-04/ingest-2026-04-20-net-new/Aneumind/September Homework.pdf,include,review include candidate
inbox/google-drive/2026-04/ingest-2026-04-20-net-new/Aneumind/There With Care Liability Release English.pdf,include,review include candidate
inbox/google-drive/2026-04/ingest-2026-04-20-net-new/Aneumind/Travelers Policy Docs - Stock.pdf,include,review include candidate
inbox/google-drive/2026-04/ingest-2026-04-20-net-new/Aneumind/Will-Married-with-Children-v6.pdf,include,review include candidate
inbox/google-drive/2026-04/ingest-2026-04-20-net-new/Aneumind/WordPress.2024-05-02.xml,include,primary imported source file
inbox/google-drive/2026-04/ingest-2026-04-20-net-new/Aneumind/example.com,include,review include candidate
inbox/google-drive/2026-04/ingest-2026-04-20-net-new/Aneumind/receipt.pdf,include,review include candidate
inbox/google-drive/2026-04/ingest-2026-04-20-net-new/Aneumind/record.pdf,include,review include candidate
inbox/google-drive/2026-04/ingest-2026-04-20-net-new/Archiavellian/ARCHIAVELLIAN/01_north_star/archive_derived_scripted_nonfiction_format_memo_v1.md.docx,include,review include candidate
inbox/google-drive/2026-04/ingest-2026-04-20-net-new/Archiavellian/ARCHIAVELLIAN/01_north_star/authorship_and_consent_anchor.md.docx,include,review include candidate
inbox/google-drive/2026-04/ingest-2026-04-20-net-new/Archiavellian/ARCHIAVELLIAN/01_north_star/central_question_framework.md.docx,include,review include candidate
inbox/google-drive/2026-04/ingest-2026-04-20-net-new/Archiavellian/ARCHIAVELLIAN/01_north_star/development_package.md.docx,include,review include candidate
inbox/google-drive/2026-04/ingest-2026-04-20-net-new/Archiavellian/ARCHIAVELLIAN/01_north_star/ip_architecture_and_expansion_map.md.docx,include,review include candidate
inbox/google-drive/2026-04/ingest-2026-04-20-net-new/Archiavellian/ARCHIAVELLIAN/01_north_star/story_development_index.md.docx,include,review include candidate
inbox/google-drive/2026-04/ingest-2026-04-20-net-new/Archiavellian/ARCHIAVELLIAN/01_north_star/title_strategy.md.docx,include,review include candidate
inbox/google-drive/2026-04/ingest-2026-04-20-net-new/Archiavellian/ARCHIAVELLIAN/01_north_star/truth_standards.md.docx,include,review include candidate
inbox/google-drive/2026-04/ingest-2026-04-20-net-new/Archiavellian/ARCHIAVELLIAN/01_north_star/two_project_model.md.docx,include,review include candidate
inbox/google-drive/2026-04/ingest-2026-04-20-net-new/Archiavellian/ARCHIAVELLIAN/02_story/Archiavellian_Story_Document_Readthrough_v1.md.docx,include,review include candidate
inbox/google-drive/2026-04/ingest-2026-04-20-net-new/Archiavellian/ARCHIAVELLIAN/02_story/actors_and_environments.md.docx,include,review include candidate
inbox/google-drive/2026-04/ingest-2026-04-20-net-new/Archiavellian/ARCHIAVELLIAN/02_story/character_sheet_melissa.md.docx,include,review include candidate
inbox/google-drive/2026-04/ingest-2026-04-20-net-new/Archiavellian/ARCHIAVELLIAN/02_story/character_translation_bible_v1.md.docx,include,review include candidate
inbox/google-drive/2026-04/ingest-2026-04-20-net-new/Archiavellian/ARCHIAVELLIAN/02_story/cinematic_scene_list.md.docx,include,review include candidate
inbox/google-drive/2026-04/ingest-2026-04-20-net-new/Archiavellian/ARCHIAVELLIAN/02_story/dimensional_storytelling_guide_v1.md.docx,include,review include candidate
inbox/google-drive/2026-04/ingest-2026-04-20-net-new/Archiavellian/ARCHIAVELLIAN/02_story/lauren_character_tone_map.md.docx,include,review include candidate
inbox/google-drive/2026-04/ingest-2026-04-20-net-new/Archiavellian/ARCHIAVELLIAN/02_story/new_life_blueprint.md.docx,include,review include candidate
inbox/google-drive/2026-04/ingest-2026-04-20-net-new/Archiavellian/ARCHIAVELLIAN/02_story/sequential_story_flow.md.docx,include,review include candidate
inbox/google-drive/2026-04/ingest-2026-04-20-net-new/Archiavellian/ARCHIAVELLIAN/02_story/series_synopsis.md.docx,include,review include candidate
inbox/google-drive/2026-04/ingest-2026-04-20-net-new/Archiavellian/ARCHIAVELLIAN/02_story/story_alignment_audit.md.docx,include,review include candidate
inbox/google-drive/2026-04/ingest-2026-04-20-net-new/Archiavellian/ARCHIAVELLIAN/02_story/support_circle_archive_read_v1.md.docx,include,review include candidate
inbox/google-drive/2026-04/ingest-2026-04-20-net-new/Archiavellian/ARCHIAVELLIAN/02_story/support_circle_story_bank.md.docx,include,review include candidate
inbox/google-drive/2026-04/ingest-2026-04-20-net-new/Archiavellian/ARCHIAVELLIAN/02_story/supporting_story_lanes_beat_sheet.md.docx,include,review include candidate
inbox/google-drive/2026-04/ingest-2026-04-20-net-new/Archiavellian/ARCHIAVELLIAN/02_story/topic_and_character_map.md.docx,include,review include candidate
inbox/google-drive/2026-04/ingest-2026-04-20-net-new/Archiavellian/ARCHIAVELLIAN/02_story/voice_map.md.docx,include,review include candidate
inbox/google-drive/2026-04/ingest-2026-04-20-net-new/Archiavellian/ARCHIAVELLIAN/02_story/wayne_case_file_findings.md.docx,include,review include candidate
inbox/google-drive/2026-04/ingest-2026-04-20-net-new/Archiavellian/ARCHIAVELLIAN/02_story/wayne_character_tone_map.md.docx,include,review include candidate
inbox/google-drive/2026-04/ingest-2026-04-20-net-new/Archiavellian/ARCHIAVELLIAN/03_sales/Beautiful.ai - Archiavellian - She Had Receipts.pdf,include,review include candidate
inbox/google-drive/2026-04/ingest-2026-04-20-net-new/Archiavellian/ARCHIAVELLIAN/03_sales/author_bio_and_linkedin.md.docx,include,review include candidate
inbox/google-drive/2026-04/ingest-2026-04-20-net-new/Archiavellian/ARCHIAVELLIAN/03_sales/pitch_deck_outline.md.docx,include,review include candidate
inbox/google-drive/2026-04/ingest-2026-04-20-net-new/Archiavellian/ARCHIAVELLIAN/04_scripts/kitchen_scene_documentary_beat_v1.md.docx,include,review include candidate
inbox/google-drive/2026-04/ingest-2026-04-20-net-new/Archiavellian/ARCHIAVELLIAN/04_scripts/sizzle_script.md.docx,include,review include candidate
inbox/google-drive/2026-04/ingest-2026-04-20-net-new/Archiavellian/ARCHIAVELLIAN/04_scripts/sizzle_vo_script_v2.md.docx,include,review include candidate
inbox/google-drive/2026-04/ingest-2026-04-20-net-new/Archiavellian/ARCHIAVELLIAN/05_archival/planning/Archiavellian_Asset_Map_v1.md.docx,include,review include candidate
inbox/google-drive/2026-04/ingest-2026-04-20-net-new/Archiavellian/ARCHIAVELLIAN/05_archival/planning/Archiavellian_Google_Drive_Pull_Recommendations_v1.md.docx,include,review include candidate
inbox/google-drive/2026-04/ingest-2026-04-20-net-new/Archiavellian/ARCHIAVELLIAN/05_archival/planning/Archiavellian_Missing_Assets_v1.md.docx,include,review include candidate
inbox/google-drive/2026-04/ingest-2026-04-20-net-new/Archiavellian/ARCHIAVELLIAN/05_archival/planning/Archiavellian_Top_Selects_By_Section_v1.md.docx,include,review include candidate
inbox/google-drive/2026-04/ingest-2026-04-20-net-new/Archiavellian/ARCHIAVELLIAN/06_edit/prep/Archiavellian_Edit_Prep_Package_v1.md.docx,include,review include candidate
inbox/google-drive/2026-04/ingest-2026-04-20-net-new/Archiavellian/ARCHIAVELLIAN/06_edit/prep/Archiavellian_Editor_Pull_List_v1.md.docx,include,review include candidate
inbox/google-drive/2026-04/ingest-2026-04-20-net-new/Archiavellian/ARCHIAVELLIAN/06_edit/prep/Archiavellian_Paper_Edit_v1.md.docx,include,review include candidate
inbox/google-drive/2026-04/ingest-2026-04-20-net-new/Archiavellian/ARCHIAVELLIAN/06_edit/prep/Archiavellian_Shot_List_v1.md.docx,include,review include candidate
inbox/google-drive/2026-04/ingest-2026-04-20-net-new/Archiavellian/ARCHIAVELLIAN/07_expansion/book_proposal.md.docx,include,review include candidate
inbox/google-drive/2026-04/ingest-2026-04-20-net-new/Archiavellian/ARCHIAVELLIAN/07_expansion/chapter_2_joint_names_separate_realities.md.docx,include,review include candidate
inbox/google-drive/2026-04/ingest-2026-04-20-net-new/Archiavellian/ARCHIAVELLIAN/07_expansion/dimensional_scene_test_kitchen_v1.md.docx,include,review include candidate
inbox/google-drive/2026-04/ingest-2026-04-20-net-new/Archiavellian/ARCHIAVELLIAN/07_expansion/kitchen_scene_book_prose_v1.md.docx,include,review include candidate
inbox/google-drive/2026-04/ingest-2026-04-20-net-new/Archiavellian/ARCHIAVELLIAN/07_expansion/lauren_companion_prose_v1.md.docx,include,review include candidate
inbox/google-drive/2026-04/ingest-2026-04-20-net-new/Archiavellian/ARCHIAVELLIAN/07_expansion/podcast_trailer_script.md.docx,include,review include candidate
inbox/google-drive/2026-04/ingest-2026-04-20-net-new/Archiavellian/ARCHIAVELLIAN/07_expansion/sample_opening_chapter.md.docx,include,review include candidate
inbox/google-drive/2026-04/ingest-2026-04-20-net-new/Archiavellian/ARCHIAVELLIAN/07_expansion/support_circle_book_prose_v1.md.docx,include,review include candidate
inbox/google-drive/2026-04/ingest-2026-04-20-net-new/Archiavellian/ARCHIAVELLIAN/07_expansion/wayne_companion_prose_v1.md.docx,include,review include candidate
inbox/google-drive/2026-04/ingest-2026-04-20-net-new/Archiavellian/ARCHIAVELLIAN/09_qc/Archiavellian_Architectural_Scaffolding_QA_Report_v1.md.docx,include,review include candidate
inbox/google-drive/2026-04/ingest-2026-04-20-net-new/Archiavellian/ARCHIAVELLIAN/09_qc/Archiavellian_Codex_Update_Prompt_v1.md.docx,include,review include candidate
inbox/google-drive/2026-04/ingest-2026-04-20-net-new/Archiavellian/ARCHIAVELLIAN/09_qc/Archiavellian_Local_Cloud_Consistency_Map_v1.md.docx,include,review include candidate
inbox/google-drive/2026-04/ingest-2026-04-20-net-new/Archiavellian/ARCHIAVELLIAN/09_qc/Archiavellian_Local_Cloud_Consistency_QA_v1.md.docx,include,review include candidate
inbox/google-drive/2026-04/ingest-2026-04-20-net-new/Archiavellian/ARCHIAVELLIAN/README.md.docx,include,review include candidate
inbox/google-drive/2026-04/ingest-2026-04-20-net-new/Archiavellian/archive/README.md.docx,include,review include candidate
inbox/google-drive/2026-04/ingest-2026-04-20-net-new/Archiavellian/archive/operations/command_center_master_index.md.docx,include,review include candidate
inbox/google-drive/2026-04/ingest-2026-04-20-net-new/Archiavellian/archive/operations/communication_backup_app_procedures.md.docx,include,review include candidate
inbox/google-drive/2026-04/ingest-2026-04-20-net-new/Archiavellian/archive/operations/communication_backup_done_checklist.md.docx,include,review include candidate
inbox/google-drive/2026-04/ingest-2026-04-20-net-new/Archiavellian/archive/operations/communication_backup_same_day_plan.md.docx,include,review include candidate
inbox/google-drive/2026-04/ingest-2026-04-20-net-new/Archiavellian/archive/operations/communication_backup_source_links.md.docx,include,review include candidate
inbox/google-drive/2026-04/ingest-2026-04-20-net-new/Archiavellian/archive/operations/dedupe_rules_by_folder.md.docx,include,review include candidate
inbox/google-drive/2026-04/ingest-2026-04-20-net-new/Archiavellian/archive/operations/drive_folder_blueprint.md.docx,include,review include candidate
inbox/google-drive/2026-04/ingest-2026-04-20-net-new/Archiavellian/archive/operations/drive_inventory_master_template.xlsx,include,review include candidate
inbox/google-drive/2026-04/ingest-2026-04-20-net-new/Archiavellian/archive/operations/drive_migration_cleanup_plan.md.docx,include,review include candidate
inbox/google-drive/2026-04/ingest-2026-04-20-net-new/Archiavellian/archive/operations/duplicate_review_worksheet_template.xlsx,include,review include candidate
inbox/google-drive/2026-04/ingest-2026-04-20-net-new/Archiavellian/archive/reference/media_directory_counts.xlsx,include,review include candidate
inbox/google-drive/2026-04/ingest-2026-04-20-net-new/Archiavellian/archive/reference/media_hotspots.xlsx,include,review include candidate
inbox/google-drive/2026-04/ingest-2026-04-20-net-new/Archiavellian/archive/reference/media_index.md.docx,include,review include candidate
inbox/google-drive/2026-04/ingest-2026-04-20-net-new/Archiavellian/archive/reference/media_manifest.xlsx,include,review include candidate
inbox/google-drive/2026-04/ingest-2026-04-20-net-new/Archiavellian/archive/reference/research_appendix_index.md.docx,include,review include candidate
inbox/google-drive/2026-04/ingest-2026-04-20-net-new/Business Breakup/00D_Taylor_Facing_Business_Separation_Packet_Formatted.docx,include,review include candidate
inbox/google-drive/2026-04/ingest-2026-04-20-net-new/Business Breakup/00E_Taylor_Facing_Financial_Summary_One_Page.docx,include,review include candidate
inbox/google-drive/2026-04/ingest-2026-04-20-net-new/Business Breakup/00F_Taylor_Facing_Financial_Summary_One_Page.md.docx,include,review include candidate
inbox/google-drive/2026-04/ingest-2026-04-20-net-new/Business Breakup/01_Business_Separation_Proposal_Letter.md.docx,include,review include candidate
inbox/google-drive/2026-04/ingest-2026-04-20-net-new/Business Breakup/02_Business_Separation_Clauses.md.docx,include,review include candidate
inbox/google-drive/2026-04/ingest-2026-04-20-net-new/Business Breakup/03_Breakup_Schedule_Exhibit_A.md.docx,include,review include candidate
inbox/google-drive/2026-04/ingest-2026-04-20-net-new/Business Breakup/04_Melissa_Contribution_Distribution_Loan_Schedule.md.docx,include,review include candidate
inbox/google-drive/2026-04/ingest-2026-04-20-net-new/Business Breakup/05_Tripp_Retroactive_Loan_Agreement_Draft.md.docx,include,review include candidate
inbox/google-drive/2026-04/ingest-2026-04-20-net-new/Business Breakup/06_Aneumind_Final_Authority_Findings.docx,include,review include candidate
inbox/google-drive/2026-04/ingest-2026-04-20-net-new/Business Breakup/07_Aneumind_Authority_Reconciliation_Status.md.docx,include,review include candidate
inbox/google-drive/2026-04/ingest-2026-04-20-net-new/Business Breakup/08_Aneumind_Client_Services_Transition_Plan.md.docx,include,review include candidate
inbox/google-drive/2026-04/ingest-2026-04-20-net-new/Business Breakup/09_Aneumind_Transition_Step_by_Step.md.docx,include,review include candidate
inbox/google-drive/2026-04/ingest-2026-04-20-net-new/Business Breakup/10_SimplePractice_Transition_Checklist.md.docx,include,review include candidate
inbox/google-drive/2026-04/ingest-2026-04-20-net-new/Business Breakup/README_UPLOAD_MANIFEST.md.docx,include,review include candidate
inbox/google-drive/2026-04/ingest-2026-04-20-net-new/Divorce/damages_roadmap_23DR30686.md.docx,include,review include candidate
inbox/google-drive/2026-04/ingest-2026-04-20-net-new/Divorce/docket_investigator_report_20260412.md.docx,include,review include candidate
inbox/google-drive/2026-04/ingest-2026-04-20-net-new/Divorce/draft_motion_for_contempt_and_enforcement_23DR30686_v2_20260412.md.docx,include,review include candidate
inbox/google-drive/2026-04/ingest-2026-04-20-net-new/Divorce/forensic_investigation_summary_20260412.md.docx,include,review include candidate
inbox/google-drive/2026-04/ingest-2026-04-20-net-new/Divorce/forensic_timeline_evidence_map_23DR30686.md.docx,include,review include candidate
inbox/google-drive/2026-04/ingest-2026-04-20-net-new/Divorce/integrated_case_theory_map_20260412.md.docx,include,review include candidate
inbox/google-drive/2026-04/ingest-2026-04-20-net-new/Divorce/investigation_team_plan_23DR30686.md.docx,include,review include candidate
inbox/google-drive/2026-04/ingest-2026-04-20-net-new/Divorce/investigator2_1590_servicing_closing_report_20260412.md.docx,include,review include candidate
inbox/google-drive/2026-04/ingest-2026-04-20-net-new/Divorce/investigator3_sba_use_report_2026-04-12.md.docx,include,review include candidate
inbox/google-drive/2026-04/ingest-2026-04-20-net-new/Divorce/investigator_1_family_loan_report_20260412.md.docx,include,review include candidate
inbox/google-drive/2026-04/ingest-2026-04-20-net-new/Divorce/investigator_handoff_index_20260412.md.docx,include,review include candidate
inbox/google-drive/2026-04/ingest-2026-04-20-net-new/Divorce/jesse_to_melissa_communication_collection_report_20260412.md.docx,include,review include candidate
inbox/google-drive/2026-04/ingest-2026-04-20-net-new/Divorce/jesse_to_melissa_communication_register_20230213_20260131.xlsx,include,review include candidate
inbox/google-drive/2026-04/ingest-2026-04-20-net-new/Divorce/litigation_safe_handoff_2026-04-10.md.docx,include,review include candidate
inbox/google-drive/2026-04/ingest-2026-04-20-net-new/Divorce/master_handoff_2026-04-12.md.docx,include,review include candidate
inbox/google-drive/2026-04/ingest-2026-04-20-net-new/Divorce/petitioners_damages_ledger_23DR30686.md.docx,include,review include candidate
inbox/google-drive/2026-04/ingest-2026-04-20-net-new/Divorce/remaining_overstatement_risks_before_filing.md.docx,include,review include candidate
inbox/google-drive/2026-04/ingest-2026-04-20-net-new/Divorce/sba_evidence_investigator_report_20260412.md.docx,include,review include candidate
inbox/google-drive/2026-04/ingest-2026-04-20-net-new/Divorce/text_screenshot_search_report_20260412.md.docx,include,review include candidate
inbox/google-drive/2026-04/ingest-2026-04-20-net-new/Extreme Reach/AdOps-TeamDetailReport_20201030.xlsx,include,review include candidate
inbox/google-drive/2026-04/ingest-2026-04-20-net-new/Extreme Reach/Copy of Innovators Dinner - Las Vegas  - Main List (1)(1).xlsx,include,review include candidate
inbox/google-drive/2026-04/ingest-2026-04-20-net-new/Extreme Reach/Copy of Innovators Dinner - Las Vegas  - Main List (1).xlsx,include,review include candidate
inbox/google-drive/2026-04/ingest-2026-04-20-net-new/Extreme Reach/Copy of Innovators Dinner - Las Vegas  - Main List(1).xlsx,include,review include candidate
inbox/google-drive/2026-04/ingest-2026-04-20-net-new/Extreme Reach/Copy of Innovators Dinner - Las Vegas  - Main List.xlsx,include,review include candidate
inbox/google-drive/2026-04/ingest-2026-04-20-net-new/Extreme Reach/Copy of Innovators Dinner - Las Vegas_.xlsx,include,review include candidate
inbox/google-drive/2026-04/ingest-2026-04-20-net-new/Extreme Reach/Extreme Reach 401k 2020 Statement.pdf,include,review include candidate
inbox/google-drive/2026-04/ingest-2026-04-20-net-new/Extreme Reach/Sell Side Solution 2018-02-06(1).pptx,include,review include candidate
inbox/google-drive/2026-04/ingest-2026-04-20-net-new/Extreme Reach/Sell Side Solution 2018-02-06.pptx,include,review include candidate
inbox/google-drive/2026-04/ingest-2026-04-20-net-new/Extreme Reach/Untitled document (3).pdf,include,review include candidate
inbox/google-drive/2026-04/ingest-2026-04-20-net-new/Financial & Tax/Melissa Stock Credit Report.docx,include,review include candidate
inbox/google-drive/2026-04/ingest-2026-04-20-net-new/Housing/INSPECTION OBJECTION.pdf,include,review include candidate
inbox/google-drive/2026-04/ingest-2026-04-20-net-new/Housing/Residential Rental Agreement.pdf,include,review include candidate
inbox/google-drive/2026-04/ingest-2026-04-20-net-new/Industry Background/AdLib Workflow 2018-04-30.pptx,include,review include candidate
inbox/google-drive/2026-04/ingest-2026-04-20-net-new/Industry Background/Live-Video-Streaming-Trends.pdf,include,review include candidate
inbox/google-drive/2026-04/ingest-2026-04-20-net-new/Industry Background/Mobile-Video-Landscape-2017-1-1024x724.jpg,include,review include candidate
inbox/google-drive/2026-04/ingest-2026-04-20-net-new/Industry Background/Ooyala Flex Media Platform – Content Distribution Data Sheet.pdf,include,review include candidate
inbox/google-drive/2026-04/ingest-2026-04-20-net-new/Industry Background/Peer Summit Discussion Review 2018-06-19.docx,include,review include candidate
inbox/google-drive/2026-04/ingest-2026-04-20-net-new/Industry Background/Whats_Holding_Back_Ad_Dollars_from_Connected_TV__eMarketer.pdf,include,review include candidate
inbox/google-drive/2026-04/ingest-2026-04-20-net-new/Industry Background/bc-wp-monetization-avod-svod.pdf,include,review include candidate
inbox/google-drive/2026-04/ingest-2026-04-20-net-new/Jason Richards/2 LOMN JER.docx,include,review include candidate
inbox/google-drive/2026-04/ingest-2026-04-20-net-new/Jason Richards/2024-01-03 0642_Richards_Jason_926612.pdf,include,review include candidate
inbox/google-drive/2026-04/ingest-2026-04-20-net-new/Jason Richards/Jason_ClinicalSummary.zip,include,review include candidate
inbox/google-drive/2026-04/ingest-2026-04-20-net-new/Jason Richards/LOMN JER.pages,include,review include candidate
"inbox/google-drive/2026-04/ingest-2026-04-20-net-new/Journey to Self Love 3 part series MP3 - Self Talk, Self Care, & Self Celebration - email signup/The Signal & The Noise.docx",include,review include candidate
"inbox/google-drive/2026-04/ingest-2026-04-20-net-new/Journey to Self Love 3 part series MP3 - Self Talk, Self Care, & Self Celebration - email signup/Untitled spreadsheet.xlsx",include,review include candidate
"inbox/google-drive/2026-04/ingest-2026-04-20-net-new/Journey to Self Love 3 part series MP3 - Self Talk, Self Care, & Self Celebration - email signup/counsel_divorce_briefing.md.docx",include,review include candidate
"inbox/google-drive/2026-04/ingest-2026-04-20-net-new/Journey to Self Love 3 part series MP3 - Self Talk, Self Care, & Self Celebration - email signup/counsel_memo_stock_v_kaser_20260411.md.docx",include,review include candidate
"inbox/google-drive/2026-04/ingest-2026-04-20-net-new/Journey to Self Love 3 part series MP3 - Self Talk, Self Care, & Self Celebration - email signup/melissa-stock-amazon-brand-measurement-resume-2026-03-29.md.docx",include,review include candidate
"inbox/google-drive/2026-04/ingest-2026-04-20-net-new/Journey to Self Love 3 part series MP3 - Self Talk, Self Care, & Self Celebration - email signup/mjs_digital_strategy_bank_ledger_2025_onward.xlsx",include,review include candidate
inbox/google-drive/2026-04/ingest-2026-04-20-net-new/Maybe Comcast/20260319T013211Z_multisource_inventory.xlsx,include,review include candidate
inbox/google-drive/2026-04/ingest-2026-04-20-net-new/Maybe Comcast/20260319T013520Z_multisource_inventory.xlsx,include,review include candidate
inbox/google-drive/2026-04/ingest-2026-04-20-net-new/Maybe Comcast/AdOps Selective Documents 2018-11-06.zip,include,review include candidate
inbox/google-drive/2026-04/ingest-2026-04-20-net-new/Maybe Comcast/Advertising Landscape - September MJS edits(1).pptx,include,review include candidate
inbox/google-drive/2026-04/ingest-2026-04-20-net-new/Maybe Comcast/Advertising Landscape - September MJS edits(2).pptx,include,review include candidate
inbox/google-drive/2026-04/ingest-2026-04-20-net-new/Maybe Comcast/Advertising Landscape - September MJS edits.pptx,include,review include candidate
inbox/google-drive/2026-04/ingest-2026-04-20-net-new/Maybe Comcast/Bank statements 24-25-20260309T201637Z-1-001.zip,include,review include candidate
inbox/google-drive/2026-04/ingest-2026-04-20-net-new/Maybe Comcast/Bankruptcy-20260310T011114Z-1-001.zip,include,review include candidate
inbox/google-drive/2026-04/ingest-2026-04-20-net-new/Maybe Comcast/Bankruptcy-20260310T225047Z-1-001.zip,include,review include candidate
inbox/google-drive/2026-04/ingest-2026-04-20-net-new/Maybe Comcast/CTS Smart Home Market Overview (1).pptx,include,review include candidate
inbox/google-drive/2026-04/ingest-2026-04-20-net-new/Maybe Comcast/Competitive Landcape Example(1).pdf,include,review include candidate
inbox/google-drive/2026-04/ingest-2026-04-20-net-new/Maybe Comcast/Competitive Landcape Example.pdf,include,review include candidate
inbox/google-drive/2026-04/ingest-2026-04-20-net-new/Maybe Comcast/Disney BAMTech - What does it mean(1).docx,include,review include candidate
inbox/google-drive/2026-04/ingest-2026-04-20-net-new/Maybe Comcast/Disney BAMTech - What does it mean.docx,include,review include candidate
inbox/google-drive/2026-04/ingest-2026-04-20-net-new/Maybe Comcast/Entity User Taxonomy 2018-02-06(1).xlsx,include,review include candidate
inbox/google-drive/2026-04/ingest-2026-04-20-net-new/Maybe Comcast/Entity User Taxonomy 2018-02-06.xlsx,include,review include candidate
inbox/google-drive/2026-04/ingest-2026-04-20-net-new/Maybe Comcast/FreeWheel-Video-Monetization-Report-Q1-2018.pdf,include,review include candidate
inbox/google-drive/2026-04/ingest-2026-04-20-net-new/Maybe Comcast/Incubation Workflow v4.pptx,include,review include candidate
inbox/google-drive/2026-04/ingest-2026-04-20-net-new/Maybe Comcast/Jan P (1).pdf,include,review include candidate
inbox/google-drive/2026-04/ingest-2026-04-20-net-new/Maybe Comcast/M&A Incubation Process.pptx,include,review include candidate
inbox/google-drive/2026-04/ingest-2026-04-20-net-new/Maybe Comcast/Media Transformation - FINAL(1).pptx,include,review include candidate
inbox/google-drive/2026-04/ingest-2026-04-20-net-new/Maybe Comcast/Media Transformation - FINAL.pptx,include,review include candidate
"inbox/google-drive/2026-04/ingest-2026-04-20-net-new/Maybe Comcast/Stock, Melissa - Resume 1.25.18.docx",include,review include candidate
"inbox/google-drive/2026-04/ingest-2026-04-20-net-new/Maybe Comcast/Stock, Melissa - Resume 1.30.18.pdf",include,review include candidate
"inbox/google-drive/2026-04/ingest-2026-04-20-net-new/Maybe Comcast/Stock, Melissa - Resume 2017(1).pdf",include,review include candidate
"inbox/google-drive/2026-04/ingest-2026-04-20-net-new/Maybe Comcast/Stock, Melissa - Resume 2017.pdf",include,review include candidate
"inbox/google-drive/2026-04/ingest-2026-04-20-net-new/Maybe Comcast/Stock, Melissa - Resume(1).docx",include,review include candidate
"inbox/google-drive/2026-04/ingest-2026-04-20-net-new/Maybe Comcast/Stock, Melissa - Resume.docx",include,review include candidate
"inbox/google-drive/2026-04/ingest-2026-04-20-net-new/Maybe Comcast/Stock, Melissa, 3-17 Resume(1).pdf",include,review include candidate
"inbox/google-drive/2026-04/ingest-2026-04-20-net-new/Maybe Comcast/Stock, Melissa, 3-17 Resume.pdf",include,review include candidate
inbox/google-drive/2026-04/ingest-2026-04-20-net-new/Maybe Comcast/Understanding Churn - OTT Services(1).pdf,include,review include candidate
inbox/google-drive/2026-04/ingest-2026-04-20-net-new/Maybe Comcast/Understanding Churn - OTT Services.pdf,include,review include candidate
inbox/google-drive/2026-04/ingest-2026-04-20-net-new/Maybe Comcast/contacts(1).xlsx,include,review include candidate
inbox/google-drive/2026-04/ingest-2026-04-20-net-new/Maybe Comcast/contacts.xlsx,include,review include candidate
inbox/google-drive/2026-04/ingest-2026-04-20-net-new/Misc Research/ER Deliveries by MVPD for 2017 2018-03-30.docx,include,review include candidate
inbox/google-drive/2026-04/ingest-2026-04-20-net-new/Misc Research/VideoNewz Panel Discussion Note 2018-06-11.docx,include,review include candidate
inbox/google-drive/2026-04/ingest-2026-04-20-net-new/Music/Arcade Fire/Funeral/02 Neighborhood #2 (Laika).m4a,include,review include candidate
inbox/google-drive/2026-04/ingest-2026-04-20-net-new/Music/Arcade Fire/Funeral/03 Une Annee Sans Lumiere.m4a,include,review include candidate
inbox/google-drive/2026-04/ingest-2026-04-20-net-new/Music/Arcade Fire/Funeral/04 Neighborhood #3 (Power Out).m4a,include,review include candidate
inbox/google-drive/2026-04/ingest-2026-04-20-net-new/Music/Arcade Fire/Funeral/05 Neighborhood #4 (7 Kettles).m4a,include,review include candidate
inbox/google-drive/2026-04/ingest-2026-04-20-net-new/Music/Arcade Fire/Funeral/06 Crown of Love.m4a,include,review include candidate
inbox/google-drive/2026-04/ingest-2026-04-20-net-new/Music/Arcade Fire/Funeral/07 Neighborhood #1 (Tunnels).m4a,include,review include candidate
inbox/google-drive/2026-04/ingest-2026-04-20-net-new/Music/Arcade Fire/Funeral/07 Wake Up.m4a,include,review include candidate
inbox/google-drive/2026-04/ingest-2026-04-20-net-new/Music/Arcade Fire/Funeral/08 Haiti.m4a,include,review include candidate
inbox/google-drive/2026-04/ingest-2026-04-20-net-new/Music/Arcade Fire/Funeral/10 In the Backseat.m4a,include,review include candidate
inbox/google-drive/2026-04/ingest-2026-04-20-net-new/Music/Arcade Fire/Funeral/43 Rebellion (Lies).m4a,include,review include candidate
inbox/google-drive/2026-04/ingest-2026-04-20-net-new/Music/Arcade Fire/Funeral/AlbumArtSmall.jpg,include,review include candidate
inbox/google-drive/2026-04/ingest-2026-04-20-net-new/Music/Arcade Fire/Funeral/AlbumArt_{62E1C2F9-9EF7-4983-AD18-F6216918CBDA}_Large.jpg,include,review include candidate
inbox/google-drive/2026-04/ingest-2026-04-20-net-new/Music/Arcade Fire/Funeral/AlbumArt_{62E1C2F9-9EF7-4983-AD18-F6216918CBDA}_Small.jpg,include,review include candidate
inbox/google-drive/2026-04/ingest-2026-04-20-net-new/Music/Arcade Fire/Funeral/Folder.jpg,include,review include candidate
inbox/google-drive/2026-04/ingest-2026-04-20-net-new/Music/Arcade Fire/Funeral/desktop.ini,include,review include candidate
inbox/google-drive/2026-04/ingest-2026-04-20-net-new/Music/Arcade Fire/desktop.ini,include,review include candidate
inbox/google-drive/2026-04/ingest-2026-04-20-net-new/Music/Blur/13 (Special Edition)/1-01 Tender.m4a,include,review include candidate
inbox/google-drive/2026-04/ingest-2026-04-20-net-new/Music/Blur/13 (Special Edition)/AlbumArtSmall.jpg,include,review include candidate
inbox/google-drive/2026-04/ingest-2026-04-20-net-new/Music/Blur/13 (Special Edition)/Folder.jpg,include,review include candidate
inbox/google-drive/2026-04/ingest-2026-04-20-net-new/Music/DaVinci/Yogasma/08 Sa-Ta-Na-Ma.m4a,include,review include candidate
inbox/google-drive/2026-04/ingest-2026-04-20-net-new/Music/DaVinci/Yogasma/AlbumArtSmall.jpg,include,review include candidate
inbox/google-drive/2026-04/ingest-2026-04-20-net-new/Music/DaVinci/Yogasma/Folder.jpg,include,review include candidate
inbox/google-drive/2026-04/ingest-2026-04-20-net-new/Music/Emancipator/Dusk to Dawn/01 Minor Cause.m4a,include,review include candidate
inbox/google-drive/2026-04/ingest-2026-04-20-net-new/Music/Emancipator/Dusk to Dawn/02 Valhalla.m4a,include,review include candidate
inbox/google-drive/2026-04/ingest-2026-04-20-net-new/Music/Emancipator/Dusk to Dawn/AlbumArtSmall.jpg,include,review include candidate
inbox/google-drive/2026-04/ingest-2026-04-20-net-new/Music/Emancipator/Dusk to Dawn/AlbumArt_{2EE0C168-88A2-4441-A3DB-685AFBCD7510}_Large.jpg,include,review include candidate
inbox/google-drive/2026-04/ingest-2026-04-20-net-new/Music/Emancipator/Dusk to Dawn/AlbumArt_{2EE0C168-88A2-4441-A3DB-685AFBCD7510}_Small.jpg,include,review include candidate
inbox/google-drive/2026-04/ingest-2026-04-20-net-new/Music/Emancipator/Dusk to Dawn/Folder.jpg,include,review include candidate
inbox/google-drive/2026-04/ingest-2026-04-20-net-new/Music/Emancipator/Dusk to Dawn/desktop.ini,include,review include candidate
inbox/google-drive/2026-04/ingest-2026-04-20-net-new/Music/Emancipator/desktop.ini,include,review include candidate
inbox/google-drive/2026-04/ingest-2026-04-20-net-new/Music/Gorillaz/Demon Days/AlbumArtSmall.jpg,include,review include candidate
inbox/google-drive/2026-04/ingest-2026-04-20-net-new/Music/Gorillaz/Demon Days/AlbumArt_{316BF3D9-9CEA-418A-AE26-2607680B4D3B}_Large.jpg,include,review include candidate
inbox/google-drive/2026-04/ingest-2026-04-20-net-new/Music/Gorillaz/Demon Days/AlbumArt_{316BF3D9-9CEA-418A-AE26-2607680B4D3B}_Small.jpg,include,review include candidate
inbox/google-drive/2026-04/ingest-2026-04-20-net-new/Music/Gorillaz/Demon Days/Folder.jpg,include,review include candidate
inbox/google-drive/2026-04/ingest-2026-04-20-net-new/Music/Gorillaz/Demon Days/desktop.ini,include,review include candidate
inbox/google-drive/2026-04/ingest-2026-04-20-net-new/Music/Gorillaz/desktop.ini,include,review include candidate
inbox/google-drive/2026-04/ingest-2026-04-20-net-new/Music/John Vosler/Yoga Nidra_ Love and Acceptance/AlbumArtSmall.jpg,include,review include candidate
inbox/google-drive/2026-04/ingest-2026-04-20-net-new/Music/John Vosler/Yoga Nidra_ Love and Acceptance/Folder.jpg,include,review include candidate
inbox/google-drive/2026-04/ingest-2026-04-20-net-new/Music/John Vosler/Yoga Nidra_ Still and Clear/AlbumArtSmall.jpg,include,review include candidate
inbox/google-drive/2026-04/ingest-2026-04-20-net-new/Music/John Vosler/Yoga Nidra_ Still and Clear/Folder.jpg,include,review include candidate
inbox/google-drive/2026-04/ingest-2026-04-20-net-new/Music/LCD Soundsystem/45_33/AlbumArtSmall.jpg,include,review include candidate
inbox/google-drive/2026-04/ingest-2026-04-20-net-new/Music/LCD Soundsystem/45_33/Folder.jpg,include,review include candidate
inbox/google-drive/2026-04/ingest-2026-04-20-net-new/Music/Mirabai Ceiba/A Hundred Blessings/AlbumArtSmall.jpg,include,review include candidate
inbox/google-drive/2026-04/ingest-2026-04-20-net-new/Music/Mirabai Ceiba/A Hundred Blessings/AlbumArt_{46642B2E-3A7B-4F91-8D6B-35E6C431506D}_Large.jpg,include,review include candidate
inbox/google-drive/2026-04/ingest-2026-04-20-net-new/Music/Mirabai Ceiba/A Hundred Blessings/AlbumArt_{46642B2E-3A7B-4F91-8D6B-35E6C431506D}_Small.jpg,include,review include candidate
inbox/google-drive/2026-04/ingest-2026-04-20-net-new/Music/Mirabai Ceiba/A Hundred Blessings/Folder.jpg,include,review include candidate
inbox/google-drive/2026-04/ingest-2026-04-20-net-new/Music/Mirabai Ceiba/A Hundred Blessings/desktop.ini,include,review include candidate
inbox/google-drive/2026-04/ingest-2026-04-20-net-new/Music/Mirabai Ceiba/desktop.ini,include,review include candidate
inbox/google-drive/2026-04/ingest-2026-04-20-net-new/Music/Music for Deep Meditation/Chanting Om_ Meditation On the 7 Chakras/AlbumArtSmall.jpg,include,review include candidate
inbox/google-drive/2026-04/ingest-2026-04-20-net-new/Music/Music for Deep Meditation/Chanting Om_ Meditation On the 7 Chakras/Folder.jpg,include,review include candidate
inbox/google-drive/2026-04/ingest-2026-04-20-net-new/Music/Spiritualized/Ladies and Gentlemen We Are Floating In/AlbumArtSmall.jpg,include,review include candidate
inbox/google-drive/2026-04/ingest-2026-04-20-net-new/Music/Spiritualized/Ladies and Gentlemen We Are Floating In/Folder.jpg,include,review include candidate
inbox/google-drive/2026-04/ingest-2026-04-20-net-new/Music/The Orb/The Orb_s Adventures Beyond the Ultrawor/AlbumArtSmall.jpg,include,review include candidate
inbox/google-drive/2026-04/ingest-2026-04-20-net-new/Music/The Orb/The Orb_s Adventures Beyond the Ultrawor/Folder.jpg,include,review include candidate
inbox/google-drive/2026-04/ingest-2026-04-20-net-new/Personal Finance/IND_Eligibility Change with SEP (ELG-101-03)-4001166271-2-Jan-2024.docx,include,review include candidate
inbox/google-drive/2026-04/ingest-2026-04-20-net-new/Personal Finance/Screenshot 2025-05-01 at 1.35.49 PM.png,include,review include candidate
inbox/google-drive/2026-04/ingest-2026-04-20-net-new/Personal Finance/id-card.jpeg,include,review include candidate
"inbox/google-drive/2026-04/ingest-2026-04-20-net-new/Resume Builder/Resume/Stock, Melissa - Resume 03.26.26.docx",include,review include candidate
inbox/google-drive/2026-04/ingest-2026-04-20-net-new/Resume Builder/Resume/apple-resume-clean-sweep-findings-2026-03-26.md.docx,include,review include candidate
inbox/google-drive/2026-04/ingest-2026-04-20-net-new/Resume Builder/Resume/how-this-resume-was-built-2026-03-26.md.docx,include,review include candidate
inbox/google-drive/2026-04/ingest-2026-04-20-net-new/Resume Builder/Resume/melissa-stock-apple-one-page-resume-2026-03-26.md.docx,include,review include candidate
inbox/google-drive/2026-04/ingest-2026-04-20-net-new/Resume Builder/Resume/melissa-stock-comprehensive-resume-draft-2026-03-26.md.docx,include,review include candidate
inbox/google-drive/2026-04/ingest-2026-04-20-net-new/Resume Builder/Resume/melissa-stock-resume-fact-check-2026-03-26.md.docx,include,review include candidate
inbox/google-drive/2026-04/ingest-2026-04-20-net-new/Resume Builder/melissa-stock-amazon-brand-measurement-resume-2026-03-29 (1).md.docx,include,review include candidate
inbox/google-drive/2026-04/ingest-2026-04-20-net-new/Resume Builder/melissa-stock-amazon-brand-measurement-resume-2026-03-29.md.docx,include,review include candidate
inbox/google-drive/2026-04/ingest-2026-04-20-net-new/Resume Builder/melissa-stock-amazon-brand-measurement-resume-final-2026-03-30 (1).md.docx,include,review include candidate
inbox/google-drive/2026-04/ingest-2026-04-20-net-new/Resume Builder/melissa-stock-amazon-brand-measurement-resume-final-2026-03-30 (2).md.docx,include,review include candidate
inbox/google-drive/2026-04/ingest-2026-04-20-net-new/Resume Builder/melissa-stock-amazon-brand-measurement-resume-final-2026-03-30 (3).md.docx,include,review include candidate
inbox/google-drive/2026-04/ingest-2026-04-20-net-new/Resume Builder/melissa-stock-amazon-brand-measurement-resume-final-2026-03-30.md.docx,include,review include candidate
inbox/google-drive/2026-04/ingest-2026-04-20-net-new/Resume Builder/melissa-stock-generic-one-page-base-2026-03-30.md.docx,include,review include candidate
inbox/google-drive/2026-04/ingest-2026-04-20-net-new/Resume Builder/resume-system-recap-and-operating-manual-2026-03-30 (1).md.docx,include,review include candidate
inbox/google-drive/2026-04/ingest-2026-04-20-net-new/Stock v. Kaser/Stock_v_Kaser_MASTER_REPORT_v4.docx,include,review include candidate
inbox/google-drive/2026-04/ingest-2026-04-20-net-new/Stock v. Kaser/jesse_financial_disclosure_timeline.xlsx,include,review include candidate
inbox/google-drive/2026-04/ingest-2026-04-20-net-new/Stock v. Kaser/jesse_pattern_review_2015_forward.md.docx,include,review include candidate
inbox/google-drive/2026-04/ingest-2026-04-20-net-new/Stock v. Kaser/melissa_executive_summary (1).md.docx,include,review include candidate
inbox/google-drive/2026-04/ingest-2026-04-20-net-new/Tripp Consulting/MNDA - Tripp Consulting.pages,include,review include candidate
"inbox/google-drive/2026-04/ingest-2026-04-20-net-new/Tripp Consulting/NDA - Tripp Consulting & Namoff, Rachel.pages",include,review include candidate
inbox/google-drive/2026-04/ingest-2026-04-20-net-new/Tripp Consulting/Screenshot 2025-11-12 at 10.31.34 AM.png,include,review include candidate
inbox/google-drive/2026-04/ingest-2026-04-20-net-new/Tripp Consulting/Screenshot 2025-11-12 at 10.33.10 AM.png,include,review include candidate
inbox/google-drive/2026-04/ingest-2026-04-20-net-new/Tripp Consulting/Screenshot 2025-11-12 at 11.11.39 AM.png,include,review include candidate
inbox/google-drive/2026-04/ingest-2026-04-20-net-new/Tripp Consulting/TC Client List w notes.numbers,include,review include candidate
"inbox/google-drive/2026-04/ingest-2026-04-20-net-new/Tripp Consulting/TC MNDA - Purcell, Reagan.docx",include,review include candidate
"inbox/google-drive/2026-04/ingest-2026-04-20-net-new/Tripp Consulting/TC MNDA - Purcell, Reagan.pages",include,review include candidate
inbox/google-drive/2026-04/ingest-2026-04-20-net-new/_012726 WellsFargo.pdf,include,review include candidate
inbox/google-drive/2026-04/ingest-2026-04-20-net-new/_021825 WellsFargo (1).pdf,include,review include candidate
inbox/google-drive/2026-04/ingest-2026-04-20-net-new/_031725 WellsFargo (1).pdf,include,review include candidate
inbox/google-drive/2026-04/ingest-2026-04-20-net-new/_041524 WellsFargo (1).pdf,include,review include candidate
inbox/google-drive/2026-04/ingest-2026-04-20-net-new/_051524 WellsFargo (1).pdf,include,review include candidate
inbox/google-drive/2026-04/ingest-2026-04-20-net-new/_051525 WellsFargo (1).pdf,include,review include candidate
inbox/google-drive/2026-04/ingest-2026-04-20-net-new/_061625 WellsFargo (1).pdf,include,review include candidate
inbox/google-drive/2026-04/ingest-2026-04-20-net-new/_061724 WellsFargo (1).pdf,include,review include candidate
inbox/google-drive/2026-04/ingest-2026-04-20-net-new/_091625 WellsFargo (1).pdf,include,review include candidate
inbox/google-drive/2026-04/ingest-2026-04-20-net-new/_101624 WellsFargo (1).pdf,include,review include candidate
inbox/google-drive/2026-04/ingest-2026-04-20-net-new/_101625 WellsFargo (1).pdf,include,review include candidate
inbox/google-drive/2026-04/ingest-2026-04-20-net-new/_111824 WellsFargo (1).pdf,include,review include candidate
inbox/google-drive/2026-04/ingest-2026-04-20-net-new/_111825 WellsFargo (2).pdf,include,review include candidate
inbox/google-drive/2026-04/ingest-2026-04-20-net-new/_121525 WellsFargo (2).pdf,include,review include candidate
inbox/google-drive/2026-04/ingest-2026-04-20-net-new/_20011625_20WellsFargo (1).pdf,include,review include candidate
inbox/google-drive/2026-04/ingest-2026-04-20-net-new/_20011626_20WellsFargo (1).pdf,include,review include candidate
inbox/google-drive/2026-04/ingest-2026-04-20-net-new/_20011724_20WellsFargo (1).pdf,include,review include candidate
inbox/google-drive/2026-04/ingest-2026-04-20-net-new/_20021524_20WellsFargo (1).pdf,include,review include candidate
inbox/google-drive/2026-04/ingest-2026-04-20-net-new/_20021726_20WellsFargo (1).pdf,include,review include candidate
inbox/to-check-misc-2026-04-20/2024-10-02_ACH Centennial Accounting.pdf,include,review include candidate
inbox/to-check-misc-2026-04-20/Authorization-for-Release-and-Exchange-of-Information-2022.pdf,include,review include candidate
inbox/to-check-misc-2026-04-20/COA-Care-Management-Referral-Form ZG.pdf,include,review include candidate
inbox/to-check-misc-2026-04-20/COA-Care-Management-Referral-Form.pdf,include,review include candidate
inbox/to-check-misc-2026-04-20/Kelly Paystub 1.16.pdf,include,review include candidate
inbox/to-check-misc-2026-04-20/Request-for-Determination-and-Signature-Pages.pdf,include,review include candidate
inbox/to-check-misc-2026-04-20/Student Health History Form ZG.pdf,include,review include candidate
inbox/to-check-misc-2026-04-20/TCC Referral Form 2025.pdf,include,review include candidate
index/archive-index.csv,include,archive index update
index/archive-index.md,include,archive index update
reference/pm_managed_dam/2026-04-02_legal_financial_intake/00_intake/source_archives/drive-download-20260402T160011Z-1-001.zip,include,review include candidate
reference/pm_managed_dam/2026-04-02_legal_financial_intake/01_originals/bank_statements/aneumind/ANM Dec 25.pdf,include,review include candidate
reference/pm_managed_dam/2026-04-02_legal_financial_intake/01_originals/bank_statements/aneumind/ANM Feb26.pdf,include,review include candidate
reference/pm_managed_dam/2026-04-02_legal_financial_intake/01_originals/bank_statements/aneumind/ANM Jan 26.pdf,include,review include candidate
reference/pm_managed_dam/2026-04-02_legal_financial_intake/01_originals/bank_statements/aneumind/ANM Nov 25.pdf,include,review include candidate
reference/pm_managed_dam/2026-04-02_legal_financial_intake/01_originals/bank_statements/aneumind/ANM Sept 25.pdf,include,review include candidate
reference/pm_managed_dam/2026-04-02_legal_financial_intake/01_originals/bank_statements/aneumind/SSFCU Jan 2025.pdf,include,review include candidate
reference/pm_managed_dam/2026-04-02_legal_financial_intake/01_originals/bank_statements/aneumind/ViewStatement (4).pdf,include,review include candidate
reference/pm_managed_dam/2026-04-02_legal_financial_intake/01_originals/bank_statements/historic_ssfcu_business/SSFCU Biz April.pdf,include,review include candidate
reference/pm_managed_dam/2026-04-02_legal_financial_intake/01_originals/bank_statements/historic_ssfcu_business/SSFCU Biz Checking Transactions.pdf,include,review include candidate
reference/pm_managed_dam/2026-04-02_legal_financial_intake/01_originals/bank_statements/historic_ssfcu_business/SSFCU Biz June.pdf,include,review include candidate
reference/pm_managed_dam/2026-04-02_legal_financial_intake/01_originals/bank_statements/historic_ssfcu_business/SSFCU Biz May.pdf,include,review include candidate
reference/pm_managed_dam/2026-04-02_legal_financial_intake/01_originals/bank_statements/historic_ssfcu_business/SSFCU Biz Savings - August.pdf,include,review include candidate
reference/pm_managed_dam/2026-04-02_legal_financial_intake/01_originals/bank_statements/historic_ssfcu_business/SSFCU Biz Savings - July.pdf,include,review include candidate
reference/pm_managed_dam/2026-04-02_legal_financial_intake/01_originals/bank_statements/historic_ssfcu_business/SSFCU Biz Savings - September.pdf,include,review include candidate
reference/pm_managed_dam/2026-04-02_legal_financial_intake/01_originals/bank_statements/historic_ssfcu_business/SSFCU Checking April.pdf,include,review include candidate
reference/pm_managed_dam/2026-04-02_legal_financial_intake/01_originals/bank_statements/historic_ssfcu_business/SSFCU Checking June.pdf,include,review include candidate
reference/pm_managed_dam/2026-04-02_legal_financial_intake/01_originals/bank_statements/historic_ssfcu_business/SSFCU Personal Savings - August.pdf,include,review include candidate
reference/pm_managed_dam/2026-04-02_legal_financial_intake/01_originals/bank_statements/historic_ssfcu_business/SSFCU Personal Savings - July.pdf,include,review include candidate
reference/pm_managed_dam/2026-04-02_legal_financial_intake/01_originals/bank_statements/historic_ssfcu_business/SSFCU Personal Savings - September.pdf,include,review include candidate
reference/pm_managed_dam/2026-04-02_legal_financial_intake/01_originals/bank_statements/mjsds/April.pdf,include,review include candidate
reference/pm_managed_dam/2026-04-02_legal_financial_intake/01_originals/bank_statements/mjsds/December.pdf,include,review include candidate
reference/pm_managed_dam/2026-04-02_legal_financial_intake/01_originals/bank_statements/mjsds/MJSDS Biz Acct 10-24.pdf,include,review include candidate
reference/pm_managed_dam/2026-04-02_legal_financial_intake/01_originals/bank_statements/mjsds/March.pdf,include,review include candidate
reference/pm_managed_dam/2026-04-02_legal_financial_intake/01_originals/bank_statements/mjsds/May24 (1).pdf,include,review include candidate
reference/pm_managed_dam/2026-04-02_legal_financial_intake/01_originals/bank_statements/mjsds/November.pdf,include,review include candidate
reference/pm_managed_dam/2026-04-02_legal_financial_intake/01_originals/bank_statements/tripp_consulting/SSFCU TC Statement June 2024.pdf,include,review include candidate
reference/pm_managed_dam/2026-04-02_legal_financial_intake/01_originals/bank_statements/tripp_consulting/TC Statement 2-2025.pdf,include,review include candidate
reference/pm_managed_dam/2026-04-02_legal_financial_intake/01_originals/bank_statements/tripp_consulting/TC Statement 3-2025.pdf,include,review include candidate
reference/pm_managed_dam/2026-04-02_legal_financial_intake/01_originals/emails/Gmail - November Mortgage Payments.pdf,include,review include candidate
reference/pm_managed_dam/2026-04-02_legal_financial_intake/01_originals/emails/Gmail - Update.pdf,include,review include candidate
reference/pm_managed_dam/2026-04-02_legal_financial_intake/02_working/normalized_statement_names/aneumind/aneumind_ssfcu_business_savings_2025-09_statement.pdf,include,review include candidate
reference/pm_managed_dam/2026-04-02_legal_financial_intake/02_working/normalized_statement_names/aneumind/aneumind_ssfcu_business_savings_2025-11_statement.pdf,include,review include candidate
reference/pm_managed_dam/2026-04-02_legal_financial_intake/02_working/normalized_statement_names/aneumind/aneumind_ssfcu_business_savings_2025-12_statement.pdf,include,review include candidate
reference/pm_managed_dam/2026-04-02_legal_financial_intake/02_working/normalized_statement_names/aneumind/aneumind_ssfcu_business_savings_2026-01_statement.pdf,include,review include candidate
reference/pm_managed_dam/2026-04-02_legal_financial_intake/02_working/normalized_statement_names/aneumind/aneumind_ssfcu_business_savings_2026-02_statement.pdf,include,review include candidate
reference/pm_managed_dam/2026-04-02_legal_financial_intake/02_working/normalized_statement_names/mjsds/mjsds_ssfcu_business_savings_2025-03_statement.pdf,include,review include candidate
reference/pm_managed_dam/2026-04-02_legal_financial_intake/02_working/normalized_statement_names/mjsds/mjsds_ssfcu_business_savings_2025-04_statement.pdf,include,review include candidate
reference/pm_managed_dam/2026-04-02_legal_financial_intake/02_working/normalized_statement_names/mjsds/mjsds_ssfcu_business_savings_2025-11_statement.pdf,include,review include candidate
reference/pm_managed_dam/2026-04-02_legal_financial_intake/02_working/normalized_statement_names/mjsds/mjsds_ssfcu_business_savings_2025-12_statement.pdf,include,review include candidate
reference/pm_managed_dam/2026-04-02_legal_financial_intake/03_metadata/archive_catalog.csv,include,review include candidate
reference/pm_managed_dam/2026-04-02_legal_financial_intake/03_metadata/duplicate_log.csv,include,review include candidate
reference/pm_managed_dam/2026-04-02_legal_financial_intake/03_metadata/ingest_log.csv,include,review include candidate
reference/pm_managed_dam/2026-04-02_legal_financial_intake/03_metadata/keyword_vocabulary.csv,include,review include candidate
reference/pm_managed_dam/2026-04-02_legal_financial_intake/04_outputs/intake_summary.md,include,review include candidate
reference/pm_managed_dam/2026-04-02_legal_financial_intake/README.md,include,review include candidate
reference/pm_managed_dam/2026-04-02_legal_financial_intake/archive_scope.md,include,review include candidate
reference/pm_managed_dam/2026-04-02_legal_financial_intake/folder_map.md,include,review include candidate
