audio_bee_file,bytes,sha256,duplicate_count,duplicate_path
Audio Bee/audio recordings/Audio_10_08_2024_21_46_12.mp3,13136643,973703109ec47653254c60d8e2683d630c4e8b441333a542faff5b0071cdb989,1,Audio Bee/audio recordings/Audio_10_08_2024_21_46_12 (1).mp3
Audio Bee/audio recordings/Audio_07_28_2025_21_29_20.mp3,3892338,ce0fab3cd0d9c967248127f8ac2e41d247d05e3894c34d3e9b3b88ead356ae25,1,Archiavellian-Archive/inbox/google-drive/2026-04/ingest-2026-04-20-net-new/Aneumind/Audio_07_28_2025_21_29_20.mp3
Audio Bee/audio recordings/Audio_10_10_2024_12_25_37 (1).mp3,963969,fcbe841a1ce92f28229b5869ca61966aaaca21382b4d45eedfb3f37c55aa6e39,1,Audio Bee/audio recordings/Audio_10_10_2024_12_25_37.mp3
Audio Bee/audio recordings/Audio_10_08_2024_21_46_12 (1)^.wav,72410480,ba18ce9dc97002668bd59269b554ddbbf76e645cdf0273c921c680a64087a548,1,Audio Bee/audio recordings/Audio_10_08_2024_21_46_12^.wav
Audio Bee/audio recordings/Audio_09_06_2023_11_42_33.mp3,3051969,0ef850ab030e13a0655f908b2ab57e6dfcdf6bcad20ef7c688bc32489881802e,1,Audio Bee/audio recordings/Audio_09_06_2023_11_42_33 (1).mp3
Audio Bee/audio recordings/Audio_10_10_2024_12_25_37 (1)^.wav,5312152,77e28e5090d3c1f7f70414a786d59bd6c3b1a8d9b33d46de23bc21b45dc63f72,1,Audio Bee/audio recordings/Audio_10_10_2024_12_25_37^.wav
Audio Bee/audio recordings/Audio_10_10_2024_12_25_37^.wav,5312152,77e28e5090d3c1f7f70414a786d59bd6c3b1a8d9b33d46de23bc21b45dc63f72,1,Audio Bee/audio recordings/Audio_10_10_2024_12_25_37 (1)^.wav
Audio Bee/audio recordings/Audio_10_08_2024_21_46_12 (1).mp3,13136643,973703109ec47653254c60d8e2683d630c4e8b441333a542faff5b0071cdb989,1,Audio Bee/audio recordings/Audio_10_08_2024_21_46_12.mp3
Audio Bee/audio recordings/Audio_10_07_2024_00_06_43^.wav,302809342,092b2bf9fc31c27bf576672b85b355b2e393dc32c682c182f0abdd6d2c4c46eb,1,Audio Bee/audio recordings/Test Pod Files/Audio_10_07_2024_00_06_43^.wav
Audio Bee/audio recordings/Audio_09_06_2023_11_42_33 (1).mp3,3051969,0ef850ab030e13a0655f908b2ab57e6dfcdf6bcad20ef7c688bc32489881802e,1,Audio Bee/audio recordings/Audio_09_06_2023_11_42_33.mp3
Audio Bee/audio recordings/Audio_10_10_2024_12_25_37.mp3,963969,fcbe841a1ce92f28229b5869ca61966aaaca21382b4d45eedfb3f37c55aa6e39,1,Audio Bee/audio recordings/Audio_10_10_2024_12_25_37 (1).mp3
Audio Bee/audio recordings/Audio_10_08_2024_21_46_12^.wav,72410480,ba18ce9dc97002668bd59269b554ddbbf76e645cdf0273c921c680a64087a548,1,Audio Bee/audio recordings/Audio_10_08_2024_21_46_12 (1)^.wav
Audio Bee/audio recordings/Test Pod Files/Audio_10_07_2024_00_06_43^.wav,302809342,092b2bf9fc31c27bf576672b85b355b2e393dc32c682c182f0abdd6d2c4c46eb,1,Audio Bee/audio recordings/Audio_10_07_2024_00_06_43^.wav
Audio Bee/audio recordings/Bulk Upload Files/.DS_Store,6148,d65165279105ca6773180500688df4bdc69a2c7b771752f0a46ef120b7fd8ec3,6,MJS Financial Dash/09_archive_superseded/legacy_source_packets_20260316/06_source_packets/new_bankruptcy_attorney_source_packet_20260316/05_financial_statements/.DS_Store
Audio Bee/audio recordings/Bulk Upload Files/.DS_Store,6148,d65165279105ca6773180500688df4bdc69a2c7b771752f0a46ef120b7fd8ec3,6,2024 Taxes/2025 Taxes/.DS_Store
Audio Bee/audio recordings/Bulk Upload Files/.DS_Store,6148,d65165279105ca6773180500688df4bdc69a2c7b771752f0a46ef120b7fd8ec3,6,Archiavellian-Archive/reference/pm_managed_dam/2026-04-02_legal_financial_intake/01_originals/bank_statements/mjsds/.DS_Store
Audio Bee/audio recordings/Bulk Upload Files/.DS_Store,6148,d65165279105ca6773180500688df4bdc69a2c7b771752f0a46ef120b7fd8ec3,6,Archiavellian-Archive/reference/pm_managed_dam/2026-04-02_legal_financial_intake/01_originals/bank_statements/aneumind/.DS_Store
Audio Bee/audio recordings/Bulk Upload Files/.DS_Store,6148,d65165279105ca6773180500688df4bdc69a2c7b771752f0a46ef120b7fd8ec3,6,Archiavellian-Archive/reference/pm_managed_dam/2026-04-02_legal_financial_intake/02_working/normalized_statement_names/tripp_consulting/.DS_Store
Audio Bee/audio recordings/Bulk Upload Files/.DS_Store,6148,d65165279105ca6773180500688df4bdc69a2c7b771752f0a46ef120b7fd8ec3,6,Archiavellian-Archive/reference/pm_managed_dam/2026-04-02_legal_financial_intake/02_working/normalized_statement_names/aneumind/.DS_Store
