file_path,relative_to_audio_bee,top_folder,file_name,extension,inferred_type,inferred_category,size_bytes,modified_at,size_name_fingerprint,manual_title,manual_creator,manual_project,manual_rights_status,manual_publishable,manual_tags,manual_notes
Audio Bee/.DS_Store,.DS_Store,(root),.DS_Store,,other,ops_system,6148,2026-03-17T14:30:55,6148:.ds_store,,,,,,,
Audio Bee/README.md,README.md,(root),README.md,.md,document,project_docs,1558,2026-03-16T09:43:19,1558:readme.md,,,,,,,
Audio Bee/audio recordings/.DS_Store,audio recordings/.DS_Store,audio recordings,.DS_Store,,other,raw_capture,8196,2026-03-17T14:34:33,8196:.ds_store,,,,,,,
Audio Bee/audio recordings/20 ft. Monster.mp3,audio recordings/20 ft. Monster.mp3,audio recordings,20 ft. Monster.mp3,.mp3,audio,raw_capture,11243841,2025-04-21T15:07:13,11243841:20 ft. monster.mp3,,,,,,,
Audio Bee/audio recordings/Audio_01_02_2025_10_45_31.mp3,audio recordings/Audio_01_02_2025_10_45_31.mp3,audio recordings,Audio_01_02_2025_10_45_31.mp3,.mp3,audio,raw_capture,9987585,2025-01-02T10:55:56,9987585:audio_01_02_2025_10_45_31.mp3,,,,,,,
Audio Bee/audio recordings/Audio_01_02_2025_12_37_34.mp3,audio recordings/Audio_01_02_2025_12_37_34.mp3,audio recordings,Audio_01_02_2025_12_37_34.mp3,.mp3,audio,raw_capture,4389441,2025-01-02T12:42:08,4389441:audio_01_02_2025_12_37_34.mp3,,,,,,,
Audio Bee/audio recordings/Audio_01_02_2025_12_43_05.mp3,audio recordings/Audio_01_02_2025_12_43_05.mp3,audio recordings,Audio_01_02_2025_12_43_05.mp3,.mp3,audio,raw_capture,4324353,2025-01-02T12:47:36,4324353:audio_01_02_2025_12_43_05.mp3,,,,,,,
Audio Bee/audio recordings/Audio_01_02_2025_13_01_17.mp3,audio recordings/Audio_01_02_2025_13_01_17.mp3,audio recordings,Audio_01_02_2025_13_01_17.mp3,.mp3,audio,raw_capture,14286849,2025-01-02T13:16:10,14286849:audio_01_02_2025_13_01_17.mp3,,,,,,,
Audio Bee/audio recordings/Audio_01_02_2025_13_16_41.mp3,audio recordings/Audio_01_02_2025_13_16_41.mp3,audio recordings,Audio_01_02_2025_13_16_41.mp3,.mp3,audio,raw_capture,0,2025-01-02T13:16:41,0:audio_01_02_2025_13_16_41.mp3,,,,,,,
Audio Bee/audio recordings/Audio_01_04_2025_09_51_01_1.mp3,audio recordings/Audio_01_04_2025_09_51_01_1.mp3,audio recordings,Audio_01_04_2025_09_51_01_1.mp3,.mp3,audio,raw_capture,4322049,2025-01-04T09:55:31,4322049:audio_01_04_2025_09_51_01_1.mp3,,,,,,,
Audio Bee/audio recordings/Audio_01_09_2023_12_55_45.mp3,audio recordings/Audio_01_09_2023_12_55_45.mp3,audio recordings,Audio_01_09_2023_12_55_45.mp3,.mp3,audio,raw_capture,1420737,2023-01-09T12:57:14,1420737:audio_01_09_2023_12_55_45.mp3,,,,,,,
Audio Bee/audio recordings/Audio_01_09_2023_12_57_33.mp3,audio recordings/Audio_01_09_2023_12_57_33.mp3,audio recordings,Audio_01_09_2023_12_57_33.mp3,.mp3,audio,raw_capture,142017,2023-01-09T12:57:42,142017:audio_01_09_2023_12_57_33.mp3,,,,,,,
Audio Bee/audio recordings/Audio_01_09_2023_12_57_58.mp3,audio recordings/Audio_01_09_2023_12_57_58.mp3,audio recordings,Audio_01_09_2023_12_57_58.mp3,.mp3,audio,raw_capture,89025,2023-01-09T12:58:04,89025:audio_01_09_2023_12_57_58.mp3,,,,,,,
Audio Bee/audio recordings/Audio_01_13_2025_16_54_13.mp3,audio recordings/Audio_01_13_2025_16_54_13.mp3,audio recordings,Audio_01_13_2025_16_54_13.mp3,.mp3,audio,raw_capture,2350977,2025-01-13T16:56:40,2350977:audio_01_13_2025_16_54_13.mp3,,,,,,,
Audio Bee/audio recordings/Audio_01_13_2025_16_58_12.mp3,audio recordings/Audio_01_13_2025_16_58_12.mp3,audio recordings,Audio_01_13_2025_16_58_12.mp3,.mp3,audio,raw_capture,4004097,2025-01-13T17:02:23,4004097:audio_01_13_2025_16_58_12.mp3,,,,,,,
Audio Bee/audio recordings/Audio_01_13_2025_17_07_28.mp3,audio recordings/Audio_01_13_2025_17_07_28.mp3,audio recordings,Audio_01_13_2025_17_07_28.mp3,.mp3,audio,raw_capture,26352897,2025-01-13T17:34:55,26352897:audio_01_13_2025_17_07_28.mp3,,,,,,,
Audio Bee/audio recordings/Audio_01_13_2025_17_35_21.mp3,audio recordings/Audio_01_13_2025_17_35_21.mp3,audio recordings,Audio_01_13_2025_17_35_21.mp3,.mp3,audio,raw_capture,15074241,2025-01-13T17:51:04,15074241:audio_01_13_2025_17_35_21.mp3,,,,,,,
Audio Bee/audio recordings/Audio_01_13_2025_17_51_30.mp3,audio recordings/Audio_01_13_2025_17_51_30.mp3,audio recordings,Audio_01_13_2025_17_51_30.mp3,.mp3,audio,raw_capture,4437249,2025-01-13T17:56:07,4437249:audio_01_13_2025_17_51_30.mp3,,,,,,,
Audio Bee/audio recordings/Audio_01_22_2025_19_53_16.mp3,audio recordings/Audio_01_22_2025_19_53_16.mp3,audio recordings,Audio_01_22_2025_19_53_16.mp3,.mp3,audio,raw_capture,639105,2025-01-22T19:53:56,639105:audio_01_22_2025_19_53_16.mp3,,,,,,,
Audio Bee/audio recordings/Audio_01_22_2025_20_12_49.mp3,audio recordings/Audio_01_22_2025_20_12_49.mp3,audio recordings,Audio_01_22_2025_20_12_49.mp3,.mp3,audio,raw_capture,13194564,2025-01-22T20:26:45,13194564:audio_01_22_2025_20_12_49.mp3,,,,,,,
Audio Bee/audio recordings/Audio_01_27_2025_09_08_50.mp3,audio recordings/Audio_01_27_2025_09_08_50.mp3,audio recordings,Audio_01_27_2025_09_08_50.mp3,.mp3,audio,raw_capture,12142401,2025-01-27T09:21:29,12142401:audio_01_27_2025_09_08_50.mp3,,,,,,,
Audio Bee/audio recordings/Audio_01_27_2025_10_03_40.mp3,audio recordings/Audio_01_27_2025_10_03_40.mp3,audio recordings,Audio_01_27_2025_10_03_40.mp3,.mp3,audio,raw_capture,16452033,2025-01-27T10:20:48,16452033:audio_01_27_2025_10_03_40.mp3,,,,,,,
Audio Bee/audio recordings/Audio_02_20_2025_15_13_32.mp3,audio recordings/Audio_02_20_2025_15_13_32.mp3,audio recordings,Audio_02_20_2025_15_13_32.mp3,.mp3,audio,raw_capture,10859394,2025-02-20T15:25:08,10859394:audio_02_20_2025_15_13_32.mp3,,,,,,,
Audio Bee/audio recordings/Audio_03_08_2025_10_57_22.mp3,audio recordings/Audio_03_08_2025_10_57_22.mp3,audio recordings,Audio_03_08_2025_10_57_22.mp3,.mp3,audio,raw_capture,21870786,2025-03-08T11:20:12,21870786:audio_03_08_2025_10_57_22.mp3,,,,,,,
Audio Bee/audio recordings/Audio_03_21_2025_21_08_13_1.mp3,audio recordings/Audio_03_21_2025_21_08_13_1.mp3,audio recordings,Audio_03_21_2025_21_08_13_1.mp3,.mp3,audio,raw_capture,10947777,2025-03-21T21:19:37,10947777:audio_03_21_2025_21_08_13_1.mp3,,,,,,,
Audio Bee/audio recordings/Audio_03_21_2025_21_19_44.mp3,audio recordings/Audio_03_21_2025_21_19_44.mp3,audio recordings,Audio_03_21_2025_21_19_44.mp3,.mp3,audio,raw_capture,6961281,2025-03-21T21:26:59,6961281:audio_03_21_2025_21_19_44.mp3,,,,,,,
Audio Bee/audio recordings/Audio_04_20_2025_12_14_46.mp3,audio recordings/Audio_04_20_2025_12_14_46.mp3,audio recordings,Audio_04_20_2025_12_14_46.mp3,.mp3,audio,raw_capture,6845505,2025-04-20T12:22:20,6845505:audio_04_20_2025_12_14_46.mp3,,,,,,,
Audio Bee/audio recordings/Audio_05_06_2025_15_27_56.mp3,audio recordings/Audio_05_06_2025_15_27_56.mp3,audio recordings,Audio_05_06_2025_15_27_56.mp3,.mp3,audio,raw_capture,28676628,2025-05-06T15:57:48,28676628:audio_05_06_2025_15_27_56.mp3,,,,,,,
Audio Bee/audio recordings/Audio_05_11_2025_08_15_18.mp3,audio recordings/Audio_05_11_2025_08_15_18.mp3,audio recordings,Audio_05_11_2025_08_15_18.mp3,.mp3,audio,raw_capture,1441860,2025-05-11T08:16:48,1441860:audio_05_11_2025_08_15_18.mp3,,,,,,,
Audio Bee/audio recordings/Audio_05_16_2025_21_15_11.mp3,audio recordings/Audio_05_16_2025_21_15_11.mp3,audio recordings,Audio_05_16_2025_21_15_11.mp3,.mp3,audio,raw_capture,22843625,2025-05-16T21:38:59,22843625:audio_05_16_2025_21_15_11.mp3,,,,,,,
Audio Bee/audio recordings/Audio_05_16_2025_23_26_41.mp3,audio recordings/Audio_05_16_2025_23_26_41.mp3,audio recordings,Audio_05_16_2025_23_26_41.mp3,.mp3,audio,raw_capture,516596,2025-05-16T23:27:48,516596:audio_05_16_2025_23_26_41.mp3,,,,,,,
Audio Bee/audio recordings/Audio_05_20_2025_07_30_39.mp3,audio recordings/Audio_05_20_2025_07_30_39.mp3,audio recordings,Audio_05_20_2025_07_30_39.mp3,.mp3,audio,raw_capture,9689041,2025-05-20T07:40:44,9689041:audio_05_20_2025_07_30_39.mp3,,,,,,,
Audio Bee/audio recordings/Audio_05_22_2025_23_14_54.mp3,audio recordings/Audio_05_22_2025_23_14_54.mp3,audio recordings,Audio_05_22_2025_23_14_54.mp3,.mp3,audio,raw_capture,6131792,2025-05-22T23:21:17,6131792:audio_05_22_2025_23_14_54.mp3,,,,,,,
Audio Bee/audio recordings/Audio_05_30_2023_08_31_42.mp3,audio recordings/Audio_05_30_2023_08_31_42.mp3,audio recordings,Audio_05_30_2023_08_31_42.mp3,.mp3,audio,raw_capture,1013505,2023-05-30T08:32:46,1013505:audio_05_30_2023_08_31_42.mp3,,,,,,,
Audio Bee/audio recordings/Audio_06_01_2025_13_02_54.mp3,audio recordings/Audio_06_01_2025_13_02_54.mp3,audio recordings,Audio_06_01_2025_13_02_54.mp3,.mp3,audio,raw_capture,9503046,2025-06-01T13:12:48,9503046:audio_06_01_2025_13_02_54.mp3,,,,,,,
Audio Bee/audio recordings/Audio_06_01_2025_19_50_52.mp3,audio recordings/Audio_06_01_2025_19_50_52.mp3,audio recordings,Audio_06_01_2025_19_50_52.mp3,.mp3,audio,raw_capture,3143410,2025-06-01T19:54:09,3143410:audio_06_01_2025_19_50_52.mp3,,,,,,,
Audio Bee/audio recordings/Audio_06_17_2023_21_45_15.mp3,audio recordings/Audio_06_17_2023_21_45_15.mp3,audio recordings,Audio_06_17_2023_21_45_15.mp3,.mp3,audio,raw_capture,8275203,2023-06-17T21:55:00,8275203:audio_06_17_2023_21_45_15.mp3,,,,,,,
Audio Bee/audio recordings/Audio_06_18_2025_11_53_08.mp3,audio recordings/Audio_06_18_2025_11_53_08.mp3,audio recordings,Audio_06_18_2025_11_53_08.mp3,.mp3,audio,raw_capture,2033688,2025-06-18T11:55:15,2033688:audio_06_18_2025_11_53_08.mp3,,,,,,,
Audio Bee/audio recordings/Audio_06_21_2025_22_21_57.mp3,audio recordings/Audio_06_21_2025_22_21_57.mp3,audio recordings,Audio_06_21_2025_22_21_57.mp3,.mp3,audio,raw_capture,85862917,2025-06-21T23:55:48,85862917:audio_06_21_2025_22_21_57.mp3,,,,,,,
Audio Bee/audio recordings/Audio_06_23_2025_22_33_55.mp3,audio recordings/Audio_06_23_2025_22_33_55.mp3,audio recordings,Audio_06_23_2025_22_33_55.mp3,.mp3,audio,raw_capture,16597576,2025-06-23T22:52:58,16597576:audio_06_23_2025_22_33_55.mp3,,,,,,,
Audio Bee/audio recordings/Audio_06_23_2025_23_40_34.mp3,audio recordings/Audio_06_23_2025_23_40_34.mp3,audio recordings,Audio_06_23_2025_23_40_34.mp3,.mp3,audio,raw_capture,16243884,2025-06-23T23:57:29,16243884:audio_06_23_2025_23_40_34.mp3,,,,,,,
Audio Bee/audio recordings/Audio_07_08_2025_15_10_02.mp3,audio recordings/Audio_07_08_2025_15_10_02.mp3,audio recordings,Audio_07_08_2025_15_10_02.mp3,.mp3,audio,raw_capture,8621148,2025-07-08T15:19:01,8621148:audio_07_08_2025_15_10_02.mp3,,,,,,,
Audio Bee/audio recordings/Audio_07_18_2025_22_42_26.mp3,audio recordings/Audio_07_18_2025_22_42_26.mp3,audio recordings,Audio_07_18_2025_22_42_26.mp3,.mp3,audio,raw_capture,677340797,2025-07-19T12:13:45,677340797:audio_07_18_2025_22_42_26.mp3,,,,,,,
Audio Bee/audio recordings/Audio_07_20_2025_22_22_19.mp3,audio recordings/Audio_07_20_2025_22_22_19.mp3,audio recordings,Audio_07_20_2025_22_22_19.mp3,.mp3,audio,raw_capture,2027101,2025-07-20T22:24:33,2027101:audio_07_20_2025_22_22_19.mp3,,,,,,,
Audio Bee/audio recordings/Audio_07_28_2025_21_29_20.mp3,audio recordings/Audio_07_28_2025_21_29_20.mp3,audio recordings,Audio_07_28_2025_21_29_20.mp3,.mp3,audio,raw_capture,3892338,2025-07-28T21:33:23,3892338:audio_07_28_2025_21_29_20.mp3,,,,,,,
Audio Bee/audio recordings/Audio_08_04_2025_22_14_33.mp3,audio recordings/Audio_08_04_2025_22_14_33.mp3,audio recordings,Audio_08_04_2025_22_14_33.mp3,.mp3,audio,raw_capture,605879369,2025-08-05T08:47:04,605879369:audio_08_04_2025_22_14_33.mp3,,,,,,,
Audio Bee/audio recordings/Audio_08_07_2025_09_00_07.mp3,audio recordings/Audio_08_07_2025_09_00_07.mp3,audio recordings,Audio_08_07_2025_09_00_07.mp3,.mp3,audio,raw_capture,31205971,2025-08-07T09:32:56,31205971:audio_08_07_2025_09_00_07.mp3,,,,,,,
Audio Bee/audio recordings/Audio_08_07_2025_22_08_52.mp3,audio recordings/Audio_08_07_2025_22_08_52.mp3,audio recordings,Audio_08_07_2025_22_08_52.mp3,.mp3,audio,raw_capture,10747323,2025-08-07T22:20:04,10747323:audio_08_07_2025_22_08_52.mp3,,,,,,,
Audio Bee/audio recordings/Audio_08_07_2025_22_39_26.mp3,audio recordings/Audio_08_07_2025_22_39_26.mp3,audio recordings,Audio_08_07_2025_22_39_26.mp3,.mp3,audio,raw_capture,632153976,2025-08-08T09:47:36,632153976:audio_08_07_2025_22_39_26.mp3,,,,,,,
Audio Bee/audio recordings/Audio_08_08_2022_08_59_12.mp3,audio recordings/Audio_08_08_2022_08_59_12.mp3,audio recordings,Audio_08_08_2022_08_59_12.mp3,.mp3,audio,raw_capture,175170,2022-08-08T08:59:25,175170:audio_08_08_2022_08_59_12.mp3,,,,,,,
Audio Bee/audio recordings/Audio_08_12_2025_23_47_02_1.mp3,audio recordings/Audio_08_12_2025_23_47_02_1.mp3,audio recordings,Audio_08_12_2025_23_47_02_1.mp3,.mp3,audio,raw_capture,464146947,2025-08-13T07:55:47,464146947:audio_08_12_2025_23_47_02_1.mp3,,,,,,,
Audio Bee/audio recordings/Audio_08_16_2025_19_20_48.mp3,audio recordings/Audio_08_16_2025_19_20_48.mp3,audio recordings,Audio_08_16_2025_19_20_48.mp3,.mp3,audio,raw_capture,15838461,2025-08-16T19:37:18,15838461:audio_08_16_2025_19_20_48.mp3,,,,,,,
Audio Bee/audio recordings/Audio_08_30_2023_19_33_57.mp3,audio recordings/Audio_08_30_2023_19_33_57.mp3,audio recordings,Audio_08_30_2023_19_33_57.mp3,.mp3,audio,raw_capture,11404545,2023-08-30T19:45:50,11404545:audio_08_30_2023_19_33_57.mp3,,,,,,,
Audio Bee/audio recordings/Audio_08_31_2025_18_32_57.mp3,audio recordings/Audio_08_31_2025_18_32_57.mp3,audio recordings,Audio_08_31_2025_18_32_57.mp3,.mp3,audio,raw_capture,50228989,2025-08-31T19:25:17,50228989:audio_08_31_2025_18_32_57.mp3,,,,,,,
Audio Bee/audio recordings/Audio_09_06_2023_11_42_33 (1).mp3,audio recordings/Audio_09_06_2023_11_42_33 (1).mp3,audio recordings,Audio_09_06_2023_11_42_33 (1).mp3,.mp3,audio,raw_capture,3051969,2024-12-21T11:10:27,3051969:audio_09_06_2023_11_42_33 (1).mp3,,,,,,,
Audio Bee/audio recordings/Audio_09_06_2023_11_42_33.mp3,audio recordings/Audio_09_06_2023_11_42_33.mp3,audio recordings,Audio_09_06_2023_11_42_33.mp3,.mp3,audio,raw_capture,3051969,2023-09-06T11:45:44,3051969:audio_09_06_2023_11_42_33.mp3,,,,,,,
Audio Bee/audio recordings/Audio_09_08_2025_22_07_55.mp3,audio recordings/Audio_09_08_2025_22_07_55.mp3,audio recordings,Audio_09_08_2025_22_07_55.mp3,.mp3,audio,raw_capture,34054363,2025-09-08T22:43:24,34054363:audio_09_08_2025_22_07_55.mp3,,,,,,,
Audio Bee/audio recordings/Audio_09_17_2025_12_44_30.mp3,audio recordings/Audio_09_17_2025_12_44_30.mp3,audio recordings,Audio_09_17_2025_12_44_30.mp3,.mp3,audio,raw_capture,13499569,2025-09-17T12:58:41,13499569:audio_09_17_2025_12_44_30.mp3,,,,,,,
Audio Bee/audio recordings/Audio_10_02_2024_10_24_36.mp3,audio recordings/Audio_10_02_2024_10_24_36.mp3,audio recordings,Audio_10_02_2024_10_24_36.mp3,.mp3,audio,raw_capture,9114114,2024-10-02T10:32:50,9114114:audio_10_02_2024_10_24_36.mp3,,,,,,,
Audio Bee/audio recordings/Audio_10_02_2024_10_24_36^.wav,audio recordings/Audio_10_02_2024_10_24_36^.wav,audio recordings,Audio_10_02_2024_10_24_36^.wav,.wav,audio,raw_capture,50238058,2024-12-21T11:55:41,50238058:audio_10_02_2024_10_24_36^.wav,,,,,,,
Audio Bee/audio recordings/Audio_10_02_2025_08_34_16.mp3,audio recordings/Audio_10_02_2025_08_34_16.mp3,audio recordings,Audio_10_02_2025_08_34_16.mp3,.mp3,audio,raw_capture,3252465,2025-10-02T08:37:39,3252465:audio_10_02_2025_08_34_16.mp3,,,,,,,
Audio Bee/audio recordings/Audio_10_03_2024_22_35_21.mp3,audio recordings/Audio_10_03_2024_22_35_21.mp3,audio recordings,Audio_10_03_2024_22_35_21.mp3,.mp3,audio,raw_capture,180609,2024-10-03T22:35:32,180609:audio_10_03_2024_22_35_21.mp3,,,,,,,
Audio Bee/audio recordings/Audio_10_03_2024_22_35_21^.wav,audio recordings/Audio_10_03_2024_22_35_21^.wav,audio recordings,Audio_10_03_2024_22_35_21^.wav,.wav,audio,raw_capture,993880,2024-12-21T11:55:42,993880:audio_10_03_2024_22_35_21^.wav,,,,,,,
Audio Bee/audio recordings/Audio_10_03_2024_22_40_07.mp3,audio recordings/Audio_10_03_2024_22_40_07.mp3,audio recordings,Audio_10_03_2024_22_40_07.mp3,.mp3,audio,raw_capture,51891585,2024-10-03T23:34:10,51891585:audio_10_03_2024_22_40_07.mp3,,,,,,,
Audio Bee/audio recordings/Audio_10_03_2024_22_40_07^.wav,audio recordings/Audio_10_03_2024_22_40_07^.wav,audio recordings,Audio_10_03_2024_22_40_07^.wav,.wav,audio,raw_capture,286050636,2024-12-21T11:55:44,286050636:audio_10_03_2024_22_40_07^.wav,,,,,,,
Audio Bee/audio recordings/Audio_10_06_2024_22_04_25.mp3,audio recordings/Audio_10_06_2024_22_04_25.mp3,audio recordings,Audio_10_06_2024_22_04_25.mp3,.mp3,audio,raw_capture,23222337,2024-10-06T22:28:36,23222337:audio_10_06_2024_22_04_25.mp3,,,,,,,
Audio Bee/audio recordings/Audio_10_06_2024_22_04_25^.wav,audio recordings/Audio_10_06_2024_22_04_25^.wav,audio recordings,Audio_10_06_2024_22_04_25^.wav,.wav,audio,raw_capture,128011406,2024-12-21T11:55:46,128011406:audio_10_06_2024_22_04_25^.wav,,,,,,,
Audio Bee/audio recordings/Audio_10_07_2024_00_06_43.mp3,audio recordings/Audio_10_07_2024_00_06_43.mp3,audio recordings,Audio_10_07_2024_00_06_43.mp3,.mp3,audio,raw_capture,54931713,2024-10-07T01:03:56,54931713:audio_10_07_2024_00_06_43.mp3,,,,,,,
Audio Bee/audio recordings/Audio_10_07_2024_00_06_43^.wav,audio recordings/Audio_10_07_2024_00_06_43^.wav,audio recordings,Audio_10_07_2024_00_06_43^.wav,.wav,audio,raw_capture,302809342,2024-12-21T11:56:58,302809342:audio_10_07_2024_00_06_43^.wav,,,,,,,
Audio Bee/audio recordings/Audio_10_07_2024_01_22_36.mp3,audio recordings/Audio_10_07_2024_01_22_36.mp3,audio recordings,Audio_10_07_2024_01_22_36.mp3,.mp3,audio,raw_capture,31860609,2024-10-07T01:55:48,31860609:audio_10_07_2024_01_22_36.mp3,,,,,,,
Audio Bee/audio recordings/Audio_10_07_2024_01_22_36^.wav,audio recordings/Audio_10_07_2024_01_22_36^.wav,audio recordings,Audio_10_07_2024_01_22_36^.wav,.wav,audio,raw_capture,175629880,2024-12-21T11:55:48,175629880:audio_10_07_2024_01_22_36^.wav,,,,,,,
Audio Bee/audio recordings/Audio_10_07_2024_09_10_46.mp3,audio recordings/Audio_10_07_2024_09_10_46.mp3,audio recordings,Audio_10_07_2024_09_10_46.mp3,.mp3,audio,raw_capture,231939,2024-10-07T09:11:15,231939:audio_10_07_2024_09_10_46.mp3,,,,,,,
Audio Bee/audio recordings/Audio_10_07_2024_09_10_46^.wav,audio recordings/Audio_10_07_2024_09_10_46^.wav,audio recordings,Audio_10_07_2024_09_10_46^.wav,.wav,audio,raw_capture,1273298,2024-12-21T11:55:49,1273298:audio_10_07_2024_09_10_46^.wav,,,,,,,
Audio Bee/audio recordings/Audio_10_07_2024_09_12_46.mp3,audio recordings/Audio_10_07_2024_09_12_46.mp3,audio recordings,Audio_10_07_2024_09_12_46.mp3,.mp3,audio,raw_capture,279105,2024-10-07T09:13:04,279105:audio_10_07_2024_09_12_46.mp3,,,,,,,
Audio Bee/audio recordings/Audio_10_07_2024_09_12_46^.wav,audio recordings/Audio_10_07_2024_09_12_46^.wav,audio recordings,Audio_10_07_2024_09_12_46^.wav,.wav,audio,raw_capture,1536840,2024-12-21T11:55:50,1536840:audio_10_07_2024_09_12_46^.wav,,,,,,,
Audio Bee/audio recordings/Audio_10_07_2024_09_20_49.mp3,audio recordings/Audio_10_07_2024_09_20_49.mp3,audio recordings,Audio_10_07_2024_09_20_49.mp3,.mp3,audio,raw_capture,473217,2024-10-07T09:21:19,473217:audio_10_07_2024_09_20_49.mp3,,,,,,,
Audio Bee/audio recordings/Audio_10_07_2024_09_20_49^.wav,audio recordings/Audio_10_07_2024_09_20_49^.wav,audio recordings,Audio_10_07_2024_09_20_49^.wav,.wav,audio,raw_capture,2606882,2024-12-21T11:55:51,2606882:audio_10_07_2024_09_20_49^.wav,,,,,,,
Audio Bee/audio recordings/Audio_10_08_2024_07_58_00.mp3,audio recordings/Audio_10_08_2024_07_58_00.mp3,audio recordings,Audio_10_08_2024_07_58_00.mp3,.mp3,audio,raw_capture,1436610,2024-10-08T07:59:48,1436610:audio_10_08_2024_07_58_00.mp3,,,,,,,
Audio Bee/audio recordings/Audio_10_08_2024_07_58_00^.wav,audio recordings/Audio_10_08_2024_07_58_00^.wav,audio recordings,Audio_10_08_2024_07_58_00^.wav,.wav,audio,raw_capture,7915816,2024-12-21T11:56:59,7915816:audio_10_08_2024_07_58_00^.wav,,,,,,,
Audio Bee/audio recordings/Audio_10_08_2024_21_31_31.mp3,audio recordings/Audio_10_08_2024_21_31_31.mp3,audio recordings,Audio_10_08_2024_21_31_31.mp3,.mp3,audio,raw_capture,11177601,2024-10-08T21:43:10,11177601:audio_10_08_2024_21_31_31.mp3,,,,,,,
Audio Bee/audio recordings/Audio_10_08_2024_21_31_31^.wav,audio recordings/Audio_10_08_2024_21_31_31^.wav,audio recordings,Audio_10_08_2024_21_31_31^.wav,.wav,audio,raw_capture,61614800,2024-12-21T11:55:52,61614800:audio_10_08_2024_21_31_31^.wav,,,,,,,
Audio Bee/audio recordings/Audio_10_08_2024_21_46_12 (1).mp3,audio recordings/Audio_10_08_2024_21_46_12 (1).mp3,audio recordings,Audio_10_08_2024_21_46_12 (1).mp3,.mp3,audio,raw_capture,13136643,2024-12-21T11:09:28,13136643:audio_10_08_2024_21_46_12 (1).mp3,,,,,,,
Audio Bee/audio recordings/Audio_10_08_2024_21_46_12 (1)^.wav,audio recordings/Audio_10_08_2024_21_46_12 (1)^.wav,audio recordings,Audio_10_08_2024_21_46_12 (1)^.wav,.wav,audio,raw_capture,72410480,2024-12-21T11:55:54,72410480:audio_10_08_2024_21_46_12 (1)^.wav,,,,,,,
Audio Bee/audio recordings/Audio_10_08_2024_21_46_12.mp3,audio recordings/Audio_10_08_2024_21_46_12.mp3,audio recordings,Audio_10_08_2024_21_46_12.mp3,.mp3,audio,raw_capture,13136643,2024-10-08T22:00:00,13136643:audio_10_08_2024_21_46_12.mp3,,,,,,,
Audio Bee/audio recordings/Audio_10_08_2024_21_46_12^.wav,audio recordings/Audio_10_08_2024_21_46_12^.wav,audio recordings,Audio_10_08_2024_21_46_12^.wav,.wav,audio,raw_capture,72410480,2024-12-21T11:55:55,72410480:audio_10_08_2024_21_46_12^.wav,,,,,,,
Audio Bee/audio recordings/Audio_10_08_2024_22_12_47.mp3,audio recordings/Audio_10_08_2024_22_12_47.mp3,audio recordings,Audio_10_08_2024_22_12_47.mp3,.mp3,audio,raw_capture,3749250,2024-10-08T22:17:07,3749250:audio_10_08_2024_22_12_47.mp3,,,,,,,
Audio Bee/audio recordings/Audio_10_08_2024_22_12_47^.wav,audio recordings/Audio_10_08_2024_22_12_47^.wav,audio recordings,Audio_10_08_2024_22_12_47^.wav,.wav,audio,raw_capture,20664244,2024-12-21T11:55:56,20664244:audio_10_08_2024_22_12_47^.wav,,,,,,,
Audio Bee/audio recordings/Audio_10_08_2024_22_35_51.mp3,audio recordings/Audio_10_08_2024_22_35_51.mp3,audio recordings,Audio_10_08_2024_22_35_51.mp3,.mp3,audio,raw_capture,4911297,2024-10-08T22:40:58,4911297:audio_10_08_2024_22_35_51.mp3,,,,,,,
Audio Bee/audio recordings/Audio_10_09_2025_19_14_33.mp3,audio recordings/Audio_10_09_2025_19_14_33.mp3,audio recordings,Audio_10_09_2025_19_14_33.mp3,.mp3,audio,raw_capture,7910180,2025-10-09T19:22:48,7910180:audio_10_09_2025_19_14_33.mp3,,,,,,,
Audio Bee/audio recordings/Audio_10_10_2024_09_43_14.mp3,audio recordings/Audio_10_10_2024_09_43_14.mp3,audio recordings,Audio_10_10_2024_09_43_14.mp3,.mp3,audio,raw_capture,12473601,2024-10-10T09:56:14,12473601:audio_10_10_2024_09_43_14.mp3,,,,,,,
Audio Bee/audio recordings/Audio_10_10_2024_09_43_14^.wav,audio recordings/Audio_10_10_2024_09_43_14^.wav,audio recordings,Audio_10_10_2024_09_43_14^.wav,.wav,audio,raw_capture,68759000,2024-12-21T11:57:01,68759000:audio_10_10_2024_09_43_14^.wav,,,,,,,
Audio Bee/audio recordings/Audio_10_10_2024_10_04_21.mp3,audio recordings/Audio_10_10_2024_10_04_21.mp3,audio recordings,Audio_10_10_2024_10_04_21.mp3,.mp3,audio,raw_capture,4180353,2024-10-10T10:08:42,4180353:audio_10_10_2024_10_04_21.mp3,,,,,,,
Audio Bee/audio recordings/Audio_10_10_2024_10_16_35.mp3,audio recordings/Audio_10_10_2024_10_16_35.mp3,audio recordings,Audio_10_10_2024_10_16_35.mp3,.mp3,audio,raw_capture,1442049,2024-10-10T10:18:06,1442049:audio_10_10_2024_10_16_35.mp3,,,,,,,
Audio Bee/audio recordings/Audio_10_10_2024_10_16_35^.wav,audio recordings/Audio_10_10_2024_10_16_35^.wav,audio recordings,Audio_10_10_2024_10_16_35^.wav,.wav,audio,raw_capture,7947568,2024-12-21T11:55:58,7947568:audio_10_10_2024_10_16_35^.wav,,,,,,,
Audio Bee/audio recordings/Audio_10_10_2024_10_18_36.mp3,audio recordings/Audio_10_10_2024_10_18_36.mp3,audio recordings,Audio_10_10_2024_10_18_36.mp3,.mp3,audio,raw_capture,2945409,2024-10-10T10:21:40,2945409:audio_10_10_2024_10_18_36.mp3,,,,,,,
Audio Bee/audio recordings/Audio_10_10_2024_10_18_36^.wav,audio recordings/Audio_10_10_2024_10_18_36^.wav,audio recordings,Audio_10_10_2024_10_18_36^.wav,.wav,audio,raw_capture,16234840,2024-12-21T11:55:59,16234840:audio_10_10_2024_10_18_36^.wav,,,,,,,
Audio Bee/audio recordings/Audio_10_10_2024_11_02_51.mp3,audio recordings/Audio_10_10_2024_11_02_51.mp3,audio recordings,Audio_10_10_2024_11_02_51.mp3,.mp3,audio,raw_capture,9026817,2024-10-10T11:12:15,9026817:audio_10_10_2024_11_02_51.mp3,,,,,,,
Audio Bee/audio recordings/Audio_10_10_2024_11_02_51^.wav,audio recordings/Audio_10_10_2024_11_02_51^.wav,audio recordings,Audio_10_10_2024_11_02_51^.wav,.wav,audio,raw_capture,49758602,2024-12-21T11:56:00,49758602:audio_10_10_2024_11_02_51^.wav,,,,,,,
Audio Bee/audio recordings/Audio_10_10_2024_12_25_37 (1).mp3,audio recordings/Audio_10_10_2024_12_25_37 (1).mp3,audio recordings,Audio_10_10_2024_12_25_37 (1).mp3,.mp3,audio,raw_capture,963969,2024-12-21T11:09:04,963969:audio_10_10_2024_12_25_37 (1).mp3,,,,,,,
Audio Bee/audio recordings/Audio_10_10_2024_12_25_37 (1)^.wav,audio recordings/Audio_10_10_2024_12_25_37 (1)^.wav,audio recordings,Audio_10_10_2024_12_25_37 (1)^.wav,.wav,audio,raw_capture,5312152,2024-12-21T11:56:01,5312152:audio_10_10_2024_12_25_37 (1)^.wav,,,,,,,
Audio Bee/audio recordings/Audio_10_10_2024_12_25_37.mp3,audio recordings/Audio_10_10_2024_12_25_37.mp3,audio recordings,Audio_10_10_2024_12_25_37.mp3,.mp3,audio,raw_capture,963969,2024-10-10T12:26:38,963969:audio_10_10_2024_12_25_37.mp3,,,,,,,
Audio Bee/audio recordings/Audio_10_10_2024_12_25_37^.wav,audio recordings/Audio_10_10_2024_12_25_37^.wav,audio recordings,Audio_10_10_2024_12_25_37^.wav,.wav,audio,raw_capture,5312152,2024-12-21T11:57:02,5312152:audio_10_10_2024_12_25_37^.wav,,,,,,,
Audio Bee/audio recordings/Audio_10_11_2024_09_02_25.mp3,audio recordings/Audio_10_11_2024_09_02_25.mp3,audio recordings,Audio_10_11_2024_09_02_25.mp3,.mp3,audio,raw_capture,5572545,2024-10-11T09:08:13,5572545:audio_10_11_2024_09_02_25.mp3,,,,,,,
Audio Bee/audio recordings/Audio_10_11_2024_09_08_33.mp3,audio recordings/Audio_10_11_2024_09_08_33.mp3,audio recordings,Audio_10_11_2024_09_08_33.mp3,.mp3,audio,raw_capture,0,2024-10-11T09:08:33,0:audio_10_11_2024_09_08_33.mp3,,,,,,,
Audio Bee/audio recordings/Audio_10_12_2024_10_01_04.mp3,audio recordings/Audio_10_12_2024_10_01_04.mp3,audio recordings,Audio_10_12_2024_10_01_04.mp3,.mp3,audio,raw_capture,26490948,2024-10-12T10:40:09,26490948:audio_10_12_2024_10_01_04.mp3,,,,,,,
Audio Bee/audio recordings/Audio_10_12_2024_10_01_04^.wav,audio recordings/Audio_10_12_2024_10_01_04^.wav,audio recordings,Audio_10_12_2024_10_01_04^.wav,.wav,audio,raw_capture,146024316,2024-12-21T11:56:03,146024316:audio_10_12_2024_10_01_04^.wav,,,,,,,
Audio Bee/audio recordings/Audio_10_13_2024_00_04_29.mp3,audio recordings/Audio_10_13_2024_00_04_29.mp3,audio recordings,Audio_10_13_2024_00_04_29.mp3,.mp3,audio,raw_capture,13091649,2024-10-13T00:18:07,13091649:audio_10_13_2024_00_04_29.mp3,,,,,,,
Audio Bee/audio recordings/Audio_10_13_2024_00_04_29^.wav,audio recordings/Audio_10_13_2024_00_04_29^.wav,audio recordings,Audio_10_13_2024_00_04_29^.wav,.wav,audio,raw_capture,72165988,2024-12-21T11:56:04,72165988:audio_10_13_2024_00_04_29^.wav,,,,,,,
Audio Bee/audio recordings/Audio_10_13_2024_09_02_58.mp3,audio recordings/Audio_10_13_2024_09_02_58.mp3,audio recordings,Audio_10_13_2024_09_02_58.mp3,.mp3,audio,raw_capture,4654401,2024-10-13T09:07:49,4654401:audio_10_13_2024_09_02_58.mp3,,,,,,,
Audio Bee/audio recordings/Audio_10_13_2024_09_02_58^.wav,audio recordings/Audio_10_13_2024_09_02_58^.wav,audio recordings,Audio_10_13_2024_09_02_58^.wav,.wav,audio,raw_capture,25655660,2024-12-21T11:56:06,25655660:audio_10_13_2024_09_02_58^.wav,,,,,,,
Audio Bee/audio recordings/Audio_10_14_2024_17_37_31.mp3,audio recordings/Audio_10_14_2024_17_37_31.mp3,audio recordings,Audio_10_14_2024_17_37_31.mp3,.mp3,audio,raw_capture,2475714,2024-10-14T17:40:07,2475714:audio_10_14_2024_17_37_31.mp3,,,,,,,
Audio Bee/audio recordings/Audio_10_14_2024_17_37_31^.wav,audio recordings/Audio_10_14_2024_17_37_31^.wav,audio recordings,Audio_10_14_2024_17_37_31^.wav,.wav,audio,raw_capture,13643878,2024-12-21T11:56:07,13643878:audio_10_14_2024_17_37_31^.wav,,,,,,,
Audio Bee/audio recordings/Audio_10_14_2024_17_45_43.mp3,audio recordings/Audio_10_14_2024_17_45_43.mp3,audio recordings,Audio_10_14_2024_17_45_43.mp3,.mp3,audio,raw_capture,7472769,2024-10-14T17:53:30,7472769:audio_10_14_2024_17_45_43.mp3,,,,,,,
Audio Bee/audio recordings/Audio_10_14_2024_17_45_43^.wav,audio recordings/Audio_10_14_2024_17_45_43^.wav,audio recordings,Audio_10_14_2024_17_45_43^.wav,.wav,audio,raw_capture,41191912,2024-12-21T11:57:03,41191912:audio_10_14_2024_17_45_43^.wav,,,,,,,
Audio Bee/audio recordings/Audio_10_14_2024_17_53_35.mp3,audio recordings/Audio_10_14_2024_17_53_35.mp3,audio recordings,Audio_10_14_2024_17_53_35.mp3,.mp3,audio,raw_capture,2201217,2024-10-14T17:55:53,2201217:audio_10_14_2024_17_53_35.mp3,,,,,,,
Audio Bee/audio recordings/Audio_10_14_2024_17_53_35^.wav,audio recordings/Audio_10_14_2024_17_53_35^.wav,audio recordings,Audio_10_14_2024_17_53_35^.wav,.wav,audio,raw_capture,12132482,2024-12-21T11:56:08,12132482:audio_10_14_2024_17_53_35^.wav,,,,,,,
Audio Bee/audio recordings/Audio_10_14_2024_18_46_48.mp3,audio recordings/Audio_10_14_2024_18_46_48.mp3,audio recordings,Audio_10_14_2024_18_46_48.mp3,.mp3,audio,raw_capture,1813569,2024-10-14T18:48:42,1813569:audio_10_14_2024_18_46_48.mp3,,,,,,,
Audio Bee/audio recordings/Audio_10_14_2024_18_46_48^.wav,audio recordings/Audio_10_14_2024_18_46_48^.wav,audio recordings,Audio_10_14_2024_18_46_48^.wav,.wav,audio,raw_capture,9995572,2024-12-21T11:56:09,9995572:audio_10_14_2024_18_46_48^.wav,,,,,,,
Audio Bee/audio recordings/Audio_10_14_2024_21_30_13.mp3,audio recordings/Audio_10_14_2024_21_30_13.mp3,audio recordings,Audio_10_14_2024_21_30_13.mp3,.mp3,audio,raw_capture,20171841,2024-10-14T21:51:14,20171841:audio_10_14_2024_21_30_13.mp3,,,,,,,
Audio Bee/audio recordings/Audio_10_14_2024_21_30_13^.wav,audio recordings/Audio_10_14_2024_21_30_13^.wav,audio recordings,Audio_10_14_2024_21_30_13^.wav,.wav,audio,raw_capture,111195548,2024-12-21T11:56:10,111195548:audio_10_14_2024_21_30_13^.wav,,,,,,,
Audio Bee/audio recordings/Audio_10_17_2024_17_04_56.mp3,audio recordings/Audio_10_17_2024_17_04_56.mp3,audio recordings,Audio_10_17_2024_17_04_56.mp3,.mp3,audio,raw_capture,8085057,2024-10-17T17:13:21,8085057:audio_10_17_2024_17_04_56.mp3,,,,,,,
Audio Bee/audio recordings/Audio_10_17_2024_17_04_56^.wav,audio recordings/Audio_10_17_2024_17_04_56^.wav,audio recordings,Audio_10_17_2024_17_04_56^.wav,.wav,audio,raw_capture,44567150,2024-12-21T11:56:12,44567150:audio_10_17_2024_17_04_56^.wav,,,,,,,
Audio Bee/audio recordings/Audio_10_18_2024_09_29_56.mp3,audio recordings/Audio_10_18_2024_09_29_56.mp3,audio recordings,Audio_10_18_2024_09_29_56.mp3,.mp3,audio,raw_capture,11103297,2024-10-18T09:41:30,11103297:audio_10_18_2024_09_29_56.mp3,,,,,,,
Audio Bee/audio recordings/Audio_10_18_2024_09_29_56^.wav,audio recordings/Audio_10_18_2024_09_29_56^.wav,audio recordings,Audio_10_18_2024_09_29_56^.wav,.wav,audio,raw_capture,61205198,2024-12-21T11:57:05,61205198:audio_10_18_2024_09_29_56^.wav,,,,,,,
Audio Bee/audio recordings/Audio_10_21_2024_17_51_28.mp3,audio recordings/Audio_10_21_2024_17_51_28.mp3,audio recordings,Audio_10_21_2024_17_51_28.mp3,.mp3,audio,raw_capture,13254081,2024-10-21T18:05:17,13254081:audio_10_21_2024_17_51_28.mp3,,,,,,,
Audio Bee/audio recordings/Audio_10_21_2024_17_51_28^.wav,audio recordings/Audio_10_21_2024_17_51_28^.wav,audio recordings,Audio_10_21_2024_17_51_28^.wav,.wav,audio,raw_capture,73061396,2024-12-21T11:56:13,73061396:audio_10_21_2024_17_51_28^.wav,,,,,,,
Audio Bee/audio recordings/Audio_10_21_2025_18_56_05.mp3,audio recordings/Audio_10_21_2025_18_56_05.mp3,audio recordings,Audio_10_21_2025_18_56_05.mp3,.mp3,audio,raw_capture,9090497,2025-10-21T19:05:34,9090497:audio_10_21_2025_18_56_05.mp3,,,,,,,
Audio Bee/audio recordings/Audio_10_22_2024_16_21_59.mp3,audio recordings/Audio_10_22_2024_16_21_59.mp3,audio recordings,Audio_10_22_2024_16_21_59.mp3,.mp3,audio,raw_capture,8411649,2024-10-22T16:30:45,8411649:audio_10_22_2024_16_21_59.mp3,,,,,,,
Audio Bee/audio recordings/Audio_10_22_2024_16_21_59^.wav,audio recordings/Audio_10_22_2024_16_21_59^.wav,audio recordings,Audio_10_22_2024_16_21_59^.wav,.wav,audio,raw_capture,46367488,2024-12-21T11:56:15,46367488:audio_10_22_2024_16_21_59^.wav,,,,,,,
Audio Bee/audio recordings/Audio_10_26_2025_18_45_56.mp3,audio recordings/Audio_10_26_2025_18_45_56.mp3,audio recordings,Audio_10_26_2025_18_45_56.mp3,.mp3,audio,raw_capture,5282890,2025-10-26T18:51:26,5282890:audio_10_26_2025_18_45_56.mp3,,,,,,,
Audio Bee/audio recordings/Audio_10_27_2021_00_51_32.mp3,audio recordings/Audio_10_27_2021_00_51_32.mp3,audio recordings,Audio_10_27_2021_00_51_32.mp3,.mp3,audio,raw_capture,2942529,2021-10-27T00:54:36,2942529:audio_10_27_2021_00_51_32.mp3,,,,,,,
Audio Bee/audio recordings/Audio_10_27_2021_00_51_32^.wav,audio recordings/Audio_10_27_2021_00_51_32^.wav,audio recordings,Audio_10_27_2021_00_51_32^.wav,.wav,audio,raw_capture,16218964,2024-12-21T11:56:16,16218964:audio_10_27_2021_00_51_32^.wav,,,,,,,
Audio Bee/audio recordings/Audio_10_27_2021_01_02_52.mp3,audio recordings/Audio_10_27_2021_01_02_52.mp3,audio recordings,Audio_10_27_2021_01_02_52.mp3,.mp3,audio,raw_capture,8490561,2021-10-27T01:11:42,8490561:audio_10_27_2021_01_02_52.mp3,,,,,,,
Audio Bee/audio recordings/Audio_10_27_2021_01_02_52^.wav,audio recordings/Audio_10_27_2021_01_02_52^.wav,audio recordings,Audio_10_27_2021_01_02_52^.wav,.wav,audio,raw_capture,46802492,2024-12-21T11:56:17,46802492:audio_10_27_2021_01_02_52^.wav,,,,,,,
Audio Bee/audio recordings/Audio_10_28_2024_07_32_28.mp3,audio recordings/Audio_10_28_2024_07_32_28.mp3,audio recordings,Audio_10_28_2024_07_32_28.mp3,.mp3,audio,raw_capture,9537,2024-10-28T06:32:29,9537:audio_10_28_2024_07_32_28.mp3,,,,,,,
Audio Bee/audio recordings/Audio_10_28_2024_07_32_28^.wav,audio recordings/Audio_10_28_2024_07_32_28^.wav,audio recordings,Audio_10_28_2024_07_32_28^.wav,.wav,audio,raw_capture,50846,2024-12-21T11:57:06,50846:audio_10_28_2024_07_32_28^.wav,,,,,,,
Audio Bee/audio recordings/Audio_10_28_2024_07_33_58.mp3,audio recordings/Audio_10_28_2024_07_33_58.mp3,audio recordings,Audio_10_28_2024_07_33_58.mp3,.mp3,audio,raw_capture,24701505,2024-10-28T06:59:42,24701505:audio_10_28_2024_07_33_58.mp3,,,,,,,
Audio Bee/audio recordings/Audio_10_28_2024_07_33_58^.wav,audio recordings/Audio_10_28_2024_07_33_58^.wav,audio recordings,Audio_10_28_2024_07_33_58^.wav,.wav,audio,raw_capture,136165320,2024-12-21T11:56:19,136165320:audio_10_28_2024_07_33_58^.wav,,,,,,,
Audio Bee/audio recordings/Audio_10_28_2024_08_03_53.mp3,audio recordings/Audio_10_28_2024_08_03_53.mp3,audio recordings,Audio_10_28_2024_08_03_53.mp3,.mp3,audio,raw_capture,693249,2024-10-28T07:04:37,693249:audio_10_28_2024_08_03_53.mp3,,,,,,,
Audio Bee/audio recordings/Audio_10_28_2024_08_03_53^.wav,audio recordings/Audio_10_28_2024_08_03_53^.wav,audio recordings,Audio_10_28_2024_08_03_53^.wav,.wav,audio,raw_capture,3819808,2024-12-21T11:56:20,3819808:audio_10_28_2024_08_03_53^.wav,,,,,,,
Audio Bee/audio recordings/Audio_10_28_2024_08_24_23.mp3,audio recordings/Audio_10_28_2024_08_24_23.mp3,audio recordings,Audio_10_28_2024_08_24_23.mp3,.mp3,audio,raw_capture,2040513,2024-10-28T07:26:30,2040513:audio_10_28_2024_08_24_23.mp3,,,,,,,
Audio Bee/audio recordings/Audio_10_28_2024_08_24_23^.wav,audio recordings/Audio_10_28_2024_08_24_23^.wav,audio recordings,Audio_10_28_2024_08_24_23^.wav,.wav,audio,raw_capture,11246602,2024-12-21T11:56:21,11246602:audio_10_28_2024_08_24_23^.wav,,,,,,,
Audio Bee/audio recordings/Audio_10_28_2024_08_43_23.mp3,audio recordings/Audio_10_28_2024_08_43_23.mp3,audio recordings,Audio_10_28_2024_08_43_23.mp3,.mp3,audio,raw_capture,77373249,2024-10-28T09:03:59,77373249:audio_10_28_2024_08_43_23.mp3,,,,,,,
Audio Bee/audio recordings/Audio_10_28_2024_08_43_23^.wav,audio recordings/Audio_10_28_2024_08_43_23^.wav,audio recordings,Audio_10_28_2024_08_43_23^.wav,.wav,audio,raw_capture,426518308,2024-12-21T11:56:25,426518308:audio_10_28_2024_08_43_23^.wav,,,,,,,
Audio Bee/audio recordings/Audio_10_28_2024_10_42_27.mp3,audio recordings/Audio_10_28_2024_10_42_27.mp3,audio recordings,Audio_10_28_2024_10_42_27.mp3,.mp3,audio,raw_capture,53894913,2024-10-28T10:38:35,53894913:audio_10_28_2024_10_42_27.mp3,,,,,,,
Audio Bee/audio recordings/Audio_10_28_2024_10_42_27^.wav,audio recordings/Audio_10_28_2024_10_42_27^.wav,audio recordings,Audio_10_28_2024_10_42_27^.wav,.wav,audio,raw_capture,297093982,2024-12-21T11:57:08,297093982:audio_10_28_2024_10_42_27^.wav,,,,,,,
Audio Bee/audio recordings/Audio_10_28_2024_14_19_44.mp3,audio recordings/Audio_10_28_2024_14_19_44.mp3,audio recordings,Audio_10_28_2024_14_19_44.mp3,.mp3,audio,raw_capture,2304897,2024-10-28T13:22:09,2304897:audio_10_28_2024_14_19_44.mp3,,,,,,,
Audio Bee/audio recordings/Audio_10_28_2024_14_19_44^.wav,audio recordings/Audio_10_28_2024_14_19_44^.wav,audio recordings,Audio_10_28_2024_14_19_44^.wav,.wav,audio,raw_capture,12704018,2024-12-21T11:56:26,12704018:audio_10_28_2024_14_19_44^.wav,,,,,,,
Audio Bee/audio recordings/Audio_10_28_2024_14_22_14.mp3,audio recordings/Audio_10_28_2024_14_22_14.mp3,audio recordings,Audio_10_28_2024_14_22_14.mp3,.mp3,audio,raw_capture,27949569,2024-10-28T13:51:21,27949569:audio_10_28_2024_14_22_14.mp3,,,,,,,
Audio Bee/audio recordings/Audio_10_28_2024_14_22_14^.wav,audio recordings/Audio_10_28_2024_14_22_14^.wav,audio recordings,Audio_10_28_2024_14_22_14^.wav,.wav,audio,raw_capture,154070272,2024-12-21T11:56:28,154070272:audio_10_28_2024_14_22_14^.wav,,,,,,,
Audio Bee/audio recordings/Audio_10_28_2024_14_57_52.mp3,audio recordings/Audio_10_28_2024_14_57_52.mp3,audio recordings,Audio_10_28_2024_14_57_52.mp3,.mp3,audio,raw_capture,18424833,2024-10-28T14:17:04,18424833:audio_10_28_2024_14_57_52.mp3,,,,,,,
Audio Bee/audio recordings/Audio_10_28_2024_14_57_52^.wav,audio recordings/Audio_10_28_2024_14_57_52^.wav,audio recordings,Audio_10_28_2024_14_57_52^.wav,.wav,audio,raw_capture,101565166,2024-12-21T11:56:29,101565166:audio_10_28_2024_14_57_52^.wav,,,,,,,
Audio Bee/audio recordings/Audio_10_29_2024_10_18_29.mp3,audio recordings/Audio_10_29_2024_10_18_29.mp3,audio recordings,Audio_10_29_2024_10_18_29.mp3,.mp3,audio,raw_capture,971202,2024-10-29T09:19:31,971202:audio_10_29_2024_10_18_29.mp3,,,,,,,
Audio Bee/audio recordings/Audio_10_29_2024_10_18_29^.wav,audio recordings/Audio_10_29_2024_10_18_29^.wav,audio recordings,Audio_10_29_2024_10_18_29^.wav,.wav,audio,raw_capture,5350256,2024-12-21T11:56:30,5350256:audio_10_29_2024_10_18_29^.wav,,,,,,,
Audio Bee/audio recordings/Audio_10_29_2024_11_25_33.mp3,audio recordings/Audio_10_29_2024_11_25_33.mp3,audio recordings,Audio_10_29_2024_11_25_33.mp3,.mp3,audio,raw_capture,6594369,2024-10-29T10:32:25,6594369:audio_10_29_2024_11_25_33.mp3,,,,,,,
Audio Bee/audio recordings/Audio_10_29_2024_11_25_33^.wav,audio recordings/Audio_10_29_2024_11_25_33^.wav,audio recordings,Audio_10_29_2024_11_25_33^.wav,.wav,audio,raw_capture,36349732,2024-12-21T11:57:10,36349732:audio_10_29_2024_11_25_33^.wav,,,,,,,
Audio Bee/audio recordings/Audio_10_29_2024_11_36_19.mp3,audio recordings/Audio_10_29_2024_11_36_19.mp3,audio recordings,Audio_10_29_2024_11_36_19.mp3,.mp3,audio,raw_capture,2667777,2024-10-29T10:39:06,2667777:audio_10_29_2024_11_36_19.mp3,,,,,,,
Audio Bee/audio recordings/Audio_10_29_2024_11_36_19^.wav,audio recordings/Audio_10_29_2024_11_36_19^.wav,audio recordings,Audio_10_29_2024_11_36_19^.wav,.wav,audio,raw_capture,14704394,2024-12-21T11:56:31,14704394:audio_10_29_2024_11_36_19^.wav,,,,,,,
Audio Bee/audio recordings/Audio_10_29_2024_11_39_17.mp3,audio recordings/Audio_10_29_2024_11_39_17.mp3,audio recordings,Audio_10_29_2024_11_39_17.mp3,.mp3,audio,raw_capture,2622273,2024-10-29T10:42:01,2622273:audio_10_29_2024_11_39_17.mp3,,,,,,,
Audio Bee/audio recordings/Audio_10_29_2024_11_39_17^.wav,audio recordings/Audio_10_29_2024_11_39_17^.wav,audio recordings,Audio_10_29_2024_11_39_17^.wav,.wav,audio,raw_capture,14453554,2024-12-21T11:56:32,14453554:audio_10_29_2024_11_39_17^.wav,,,,,,,
Audio Bee/audio recordings/Audio_10_29_2024_11_42_08.mp3,audio recordings/Audio_10_29_2024_11_42_08.mp3,audio recordings,Audio_10_29_2024_11_42_08.mp3,.mp3,audio,raw_capture,5607681,2024-10-29T10:47:58,5607681:audio_10_29_2024_11_42_08.mp3,,,,,,,
Audio Bee/audio recordings/Audio_10_29_2024_11_42_08^.wav,audio recordings/Audio_10_29_2024_11_42_08^.wav,audio recordings,Audio_10_29_2024_11_42_08^.wav,.wav,audio,raw_capture,30910616,2024-12-21T11:56:34,30910616:audio_10_29_2024_11_42_08^.wav,,,,,,,
Audio Bee/audio recordings/Audio_10_29_2025_20_33_29.mp3,audio recordings/Audio_10_29_2025_20_33_29.mp3,audio recordings,Audio_10_29_2025_20_33_29.mp3,.mp3,audio,raw_capture,8931290,2025-10-29T20:42:48,8931290:audio_10_29_2025_20_33_29.mp3,,,,,,,
Audio Bee/audio recordings/Audio_11_01_2024_07_53_39.mp3,audio recordings/Audio_11_01_2024_07_53_39.mp3,audio recordings,Audio_11_01_2024_07_53_39.mp3,.mp3,audio,raw_capture,24438018,2024-11-01T07:21:22,24438018:audio_11_01_2024_07_53_39.mp3,,,,,,,
Audio Bee/audio recordings/Audio_11_01_2024_07_53_39^.wav,audio recordings/Audio_11_01_2024_07_53_39^.wav,audio recordings,Audio_11_01_2024_07_53_39^.wav,.wav,audio,raw_capture,134711078,2024-12-21T11:56:36,134711078:audio_11_01_2024_07_53_39^.wav,,,,,,,
Audio Bee/audio recordings/Audio_11_06_2024_00_35_37.mp3,audio recordings/Audio_11_06_2024_00_35_37.mp3,audio recordings,Audio_11_06_2024_00_35_37.mp3,.mp3,audio,raw_capture,23532801,2024-11-06T01:00:08,23532801:audio_11_06_2024_00_35_37.mp3,,,,,,,
Audio Bee/audio recordings/Audio_11_06_2024_00_35_37^.wav,audio recordings/Audio_11_06_2024_00_35_37^.wav,audio recordings,Audio_11_06_2024_00_35_37^.wav,.wav,audio,raw_capture,129722840,2024-12-21T11:57:12,129722840:audio_11_06_2024_00_35_37^.wav,,,,,,,
Audio Bee/audio recordings/Audio_11_08_2024_01_18_47.mp3,audio recordings/Audio_11_08_2024_01_18_47.mp3,audio recordings,Audio_11_08_2024_01_18_47.mp3,.mp3,audio,raw_capture,8092545,2024-11-08T01:27:13,8092545:audio_11_08_2024_01_18_47.mp3,,,,,,,
Audio Bee/audio recordings/Audio_11_08_2024_01_18_47^.wav,audio recordings/Audio_11_08_2024_01_18_47^.wav,audio recordings,Audio_11_08_2024_01_18_47^.wav,.wav,audio,raw_capture,44608428,2024-12-21T11:56:37,44608428:audio_11_08_2024_01_18_47^.wav,,,,,,,
Audio Bee/audio recordings/Audio_11_11_2024_09_46_44.mp3,audio recordings/Audio_11_11_2024_09_46_44.mp3,audio recordings,Audio_11_11_2024_09_46_44.mp3,.mp3,audio,raw_capture,11546817,2024-11-11T09:58:46,11546817:audio_11_11_2024_09_46_44.mp3,,,,,,,
Audio Bee/audio recordings/Audio_11_11_2024_09_46_44^.wav,audio recordings/Audio_11_11_2024_09_46_44^.wav,audio recordings,Audio_11_11_2024_09_46_44^.wav,.wav,audio,raw_capture,63650102,2024-12-21T11:56:38,63650102:audio_11_11_2024_09_46_44^.wav,,,,,,,
Audio Bee/audio recordings/Audio_11_11_2024_10_14_24.mp3,audio recordings/Audio_11_11_2024_10_14_24.mp3,audio recordings,Audio_11_11_2024_10_14_24.mp3,.mp3,audio,raw_capture,16743234,2024-11-11T10:32:10,16743234:audio_11_11_2024_10_14_24.mp3,,,,,,,
Audio Bee/audio recordings/Audio_11_11_2024_10_32_32.mp3,audio recordings/Audio_11_11_2024_10_32_32.mp3,audio recordings,Audio_11_11_2024_10_32_32.mp3,.mp3,audio,raw_capture,360897,2024-11-11T10:32:55,360897:audio_11_11_2024_10_32_32.mp3,,,,,,,
Audio Bee/audio recordings/Audio_11_11_2024_10_32_32^.wav,audio recordings/Audio_11_11_2024_10_32_32^.wav,audio recordings,Audio_11_11_2024_10_32_32^.wav,.wav,audio,raw_capture,1987718,2024-12-21T11:56:39,1987718:audio_11_11_2024_10_32_32^.wav,,,,,,,
Audio Bee/audio recordings/Audio_11_12_2024_08_24_31.mp3,audio recordings/Audio_11_12_2024_08_24_31.mp3,audio recordings,Audio_11_12_2024_08_24_31.mp3,.mp3,audio,raw_capture,5329794,2024-11-12T08:36:26,5329794:audio_11_12_2024_08_24_31.mp3,,,,,,,
Audio Bee/audio recordings/Audio_11_14_2024_13_00_18.mp3,audio recordings/Audio_11_14_2024_13_00_18.mp3,audio recordings,Audio_11_14_2024_13_00_18.mp3,.mp3,audio,raw_capture,4888833,2024-11-14T13:05:24,4888833:audio_11_14_2024_13_00_18.mp3,,,,,,,
Audio Bee/audio recordings/Audio_11_19_2021_22_38_19.mp3,audio recordings/Audio_11_19_2021_22_38_19.mp3,audio recordings,Audio_11_19_2021_22_38_19.mp3,.mp3,audio,raw_capture,8871297,2021-11-19T22:47:33,8871297:audio_11_19_2021_22_38_19.mp3,,,,,,,
Audio Bee/audio recordings/Audio_11_19_2021_22_38_19^.wav,audio recordings/Audio_11_19_2021_22_38_19^.wav,audio recordings,Audio_11_19_2021_22_38_19^.wav,.wav,audio,raw_capture,48901298,2024-12-21T11:56:41,48901298:audio_11_19_2021_22_38_19^.wav,,,,,,,
Audio Bee/audio recordings/Audio_11_20_2024_08_25_44.mp3,audio recordings/Audio_11_20_2024_08_25_44.mp3,audio recordings,Audio_11_20_2024_08_25_44.mp3,.mp3,audio,raw_capture,24173313,2024-11-20T08:50:54,24173313:audio_11_20_2024_08_25_44.mp3,,,,,,,
Audio Bee/audio recordings/Audio_11_20_2024_08_51_18.mp3,audio recordings/Audio_11_20_2024_08_51_18.mp3,audio recordings,Audio_11_20_2024_08_51_18.mp3,.mp3,audio,raw_capture,19905,2024-11-20T08:51:19,19905:audio_11_20_2024_08_51_18.mp3,,,,,,,
Audio Bee/audio recordings/Audio_11_20_2024_08_51_18^.wav,audio recordings/Audio_11_20_2024_08_51_18^.wav,audio recordings,Audio_11_20_2024_08_51_18^.wav,.wav,audio,raw_capture,108000,2024-12-21T11:57:13,108000:audio_11_20_2024_08_51_18^.wav,,,,,,,
Audio Bee/audio recordings/Audio_11_20_2024_08_55_16.mp3,audio recordings/Audio_11_20_2024_08_55_16.mp3,audio recordings,Audio_11_20_2024_08_55_16.mp3,.mp3,audio,raw_capture,43874817,2024-11-20T09:40:58,43874817:audio_11_20_2024_08_55_16.mp3,,,,,,,
Audio Bee/audio recordings/Audio_11_21_2025_09_14_49.mp3,audio recordings/Audio_11_21_2025_09_14_49.mp3,audio recordings,Audio_11_21_2025_09_14_49.mp3,.mp3,audio,raw_capture,6004400,2025-11-21T09:39:13,6004400:audio_11_21_2025_09_14_49.mp3,,,,,,,
Audio Bee/audio recordings/Audio_11_29_2024_09_32_42.mp3,audio recordings/Audio_11_29_2024_09_32_42.mp3,audio recordings,Audio_11_29_2024_09_32_42.mp3,.mp3,audio,raw_capture,10652865,2024-11-29T09:43:48,10652865:audio_11_29_2024_09_32_42.mp3,,,,,,,
Audio Bee/audio recordings/Audio_11_29_2024_09_32_42^.wav,audio recordings/Audio_11_29_2024_09_32_42^.wav,audio recordings,Audio_11_29_2024_09_32_42^.wav,.wav,audio,raw_capture,58722192,2024-12-21T11:56:42,58722192:audio_11_29_2024_09_32_42^.wav,,,,,,,
Audio Bee/audio recordings/Audio_11_29_2024_09_43_54.mp3,audio recordings/Audio_11_29_2024_09_43_54.mp3,audio recordings,Audio_11_29_2024_09_43_54.mp3,.mp3,audio,raw_capture,2144514,2024-11-29T09:46:22,2144514:audio_11_29_2024_09_43_54.mp3,,,,,,,
Audio Bee/audio recordings/Audio_11_29_2024_09_43_54^.wav,audio recordings/Audio_11_29_2024_09_43_54^.wav,audio recordings,Audio_11_29_2024_09_43_54^.wav,.wav,audio,raw_capture,11818138,2024-12-21T11:56:43,11818138:audio_11_29_2024_09_43_54^.wav,,,,,,,
Audio Bee/audio recordings/Audio_11_29_2025_08_44_12.mp3,audio recordings/Audio_11_29_2025_08_44_12.mp3,audio recordings,Audio_11_29_2025_08_44_12.mp3,.mp3,audio,raw_capture,15674200,2025-11-29T09:00:31,15674200:audio_11_29_2025_08_44_12.mp3,,,,,,,
Audio Bee/audio recordings/Audio_11_29_2025_09_14_24.mp3,audio recordings/Audio_11_29_2025_09_14_24.mp3,audio recordings,Audio_11_29_2025_09_14_24.mp3,.mp3,audio,raw_capture,16104718,2025-11-29T09:31:10,16104718:audio_11_29_2025_09_14_24.mp3,,,,,,,
Audio Bee/audio recordings/Audio_11_30_2024_00_12_37.mp3,audio recordings/Audio_11_30_2024_00_12_37.mp3,audio recordings,Audio_11_30_2024_00_12_37.mp3,.mp3,audio,raw_capture,14697537,2024-11-30T00:27:55,14697537:audio_11_30_2024_00_12_37.mp3,,,,,,,
Audio Bee/audio recordings/Audio_11_30_2024_00_12_37^.wav,audio recordings/Audio_11_30_2024_00_12_37^.wav,audio recordings,Audio_11_30_2024_00_12_37^.wav,.wav,audio,raw_capture,81018446,2024-12-21T11:56:45,81018446:audio_11_30_2024_00_12_37^.wav,,,,,,,
Audio Bee/audio recordings/Audio_11_30_2024_14_15_21.mp3,audio recordings/Audio_11_30_2024_14_15_21.mp3,audio recordings,Audio_11_30_2024_14_15_21.mp3,.mp3,audio,raw_capture,21128577,2024-11-30T14:37:22,21128577:audio_11_30_2024_14_15_21.mp3,,,,,,,
Audio Bee/audio recordings/Audio_11_30_2024_14_15_21^.wav,audio recordings/Audio_11_30_2024_14_15_21^.wav,audio recordings,Audio_11_30_2024_14_15_21^.wav,.wav,audio,raw_capture,116469554,2024-12-21T11:56:46,116469554:audio_11_30_2024_14_15_21^.wav,,,,,,,
Audio Bee/audio recordings/Audio_12_03_2025_22_59_00.mp3,audio recordings/Audio_12_03_2025_22_59_00.mp3,audio recordings,Audio_12_03_2025_22_59_00.mp3,.mp3,audio,raw_capture,7704136,2025-12-03T23:07:02,7704136:audio_12_03_2025_22_59_00.mp3,,,,,,,
Audio Bee/audio recordings/Audio_12_12_2022_07_41_51.mp3,audio recordings/Audio_12_12_2022_07_41_51.mp3,audio recordings,Audio_12_12_2022_07_41_51.mp3,.mp3,audio,raw_capture,1906947,2022-12-12T07:43:55,1906947:audio_12_12_2022_07_41_51.mp3,,,,,,,
Audio Bee/audio recordings/Audio_12_12_2024_16_38_34.mp3,audio recordings/Audio_12_12_2024_16_38_34.mp3,audio recordings,Audio_12_12_2024_16_38_34.mp3,.mp3,audio,raw_capture,813633,2024-12-12T16:39:25,813633:audio_12_12_2024_16_38_34.mp3,,,,,,,
Audio Bee/audio recordings/Audio_12_18_2024_23_31_30.mp3,audio recordings/Audio_12_18_2024_23_31_30.mp3,audio recordings,Audio_12_18_2024_23_31_30.mp3,.mp3,audio,raw_capture,12934977,2024-12-18T23:44:59,12934977:audio_12_18_2024_23_31_30.mp3,,,,,,,
Audio Bee/audio recordings/Audio_12_18_2024_23_31_30^.wav,audio recordings/Audio_12_18_2024_23_31_30^.wav,audio recordings,Audio_12_18_2024_23_31_30^.wav,.wav,audio,raw_capture,71302334,2024-12-21T11:56:48,71302334:audio_12_18_2024_23_31_30^.wav,,,,,,,
Audio Bee/audio recordings/Audio_12_20_2024_21_54_09.mp3,audio recordings/Audio_12_20_2024_21_54_09.mp3,audio recordings,Audio_12_20_2024_21_54_09.mp3,.mp3,audio,raw_capture,14163009,2024-12-20T22:08:54,14163009:audio_12_20_2024_21_54_09.mp3,,,,,,,
Audio Bee/audio recordings/Audio_12_20_2024_21_54_09^.wav,audio recordings/Audio_12_20_2024_21_54_09^.wav,audio recordings,Audio_12_20_2024_21_54_09^.wav,.wav,audio,raw_capture,78071860,2024-12-21T11:56:49,78071860:audio_12_20_2024_21_54_09^.wav,,,,,,,
Audio Bee/audio recordings/Audio_12_21_2024_09_14_58.mp3,audio recordings/Audio_12_21_2024_09_14_58.mp3,audio recordings,Audio_12_21_2024_09_14_58.mp3,.mp3,audio,raw_capture,29920065,2024-12-21T09:46:08,29920065:audio_12_21_2024_09_14_58.mp3,,,,,,,
Audio Bee/audio recordings/Audio_12_21_2024_09_14_58^.wav,audio recordings/Audio_12_21_2024_09_14_58^.wav,audio recordings,Audio_12_21_2024_09_14_58^.wav,.wav,audio,raw_capture,164932632,2024-12-21T11:56:52,164932632:audio_12_21_2024_09_14_58^.wav,,,,,,,
Audio Bee/audio recordings/Audio_12_21_2024_11_59_00.mp3,audio recordings/Audio_12_21_2024_11_59_00.mp3,audio recordings,Audio_12_21_2024_11_59_00.mp3,.mp3,audio,raw_capture,10824258,2024-12-21T12:11:15,10824258:audio_12_21_2024_11_59_00.mp3,,,,,,,
Audio Bee/audio recordings/Audio_12_24_2025_16_42_49.mp3,audio recordings/Audio_12_24_2025_16_42_49.mp3,audio recordings,Audio_12_24_2025_16_42_49.mp3,.mp3,audio,raw_capture,3485360,2025-12-24T16:47:00,3485360:audio_12_24_2025_16_42_49.mp3,,,,,,,
Audio Bee/audio recordings/Audio_12_24_2025_17_09_56.mp3,audio recordings/Audio_12_24_2025_17_09_56.mp3,audio recordings,Audio_12_24_2025_17_09_56.mp3,.mp3,audio,raw_capture,8437341,2025-12-24T17:25:46,8437341:audio_12_24_2025_17_09_56.mp3,,,,,,,
Audio Bee/audio recordings/Audio_12_30_2025_08_03_12.mp3,audio recordings/Audio_12_30_2025_08_03_12.mp3,audio recordings,Audio_12_30_2025_08_03_12.mp3,.mp3,audio,raw_capture,3289263,2025-12-30T08:06:37,3289263:audio_12_30_2025_08_03_12.mp3,,,,,,,
Audio Bee/audio recordings/BDG Legal Study.mp3,audio recordings/BDG Legal Study.mp3,audio recordings,BDG Legal Study.mp3,.mp3,audio,raw_capture,11680836,2024-10-12T09:59:47,11680836:bdg legal study.mp3,,,,,,,
Audio Bee/audio recordings/Bulk Upload Files/.DS_Store,audio recordings/Bulk Upload Files/.DS_Store,audio recordings,.DS_Store,,other,raw_capture,6148,2026-03-17T15:27:39,6148:.ds_store,,,,,,,
Audio Bee/audio recordings/Bulk Upload.nhsx,audio recordings/Bulk Upload.nhsx,audio recordings,Bulk Upload.nhsx,.nhsx,other,raw_capture,21077,2024-12-21T12:16:39,21077:bulk upload.nhsx,,,,,,,
Audio Bee/audio recordings/Client data template ANM/Client data template (CSV) Pivot-Client data template (CSV) Pivot.csv,audio recordings/Client data template ANM/Client data template (CSV) Pivot-Client data template (CSV) Pivot.csv,audio recordings,Client data template (CSV) Pivot-Client data template (CSV) Pivot.csv,.csv,spreadsheet,raw_capture,29,2025-01-20T17:16:22,29:client data template (csv) pivot-client data template (csv) pivot.csv,,,,,,,
Audio Bee/audio recordings/Client data template ANM/Sheet 1-Client data template (CSV).csv,audio recordings/Client data template ANM/Sheet 1-Client data template (CSV).csv,audio recordings,Sheet 1-Client data template (CSV).csv,.csv,spreadsheet,raw_capture,2847,2025-01-20T17:16:22,2847:sheet 1-client data template (csv).csv,,,,,,,
Audio Bee/audio recordings/Monster.mp3,audio recordings/Monster.mp3,audio recordings,Monster.mp3,.mp3,audio,raw_capture,19773249,2024-10-16T00:06:01,19773249:monster.mp3,,,,,,,
Audio Bee/audio recordings/No Bird.mp3,audio recordings/No Bird.mp3,audio recordings,No Bird.mp3,.mp3,audio,raw_capture,5015553,2024-10-10T10:03:16,5015553:no bird.mp3,,,,,,,
Audio Bee/audio recordings/Recording.mp3,audio recordings/Recording.mp3,audio recordings,Recording.mp3,.mp3,audio,raw_capture,1939713,2023-01-09T12:48:25,1939713:recording.mp3,,,,,,,
Audio Bee/audio recordings/Recording_1.mp3,audio recordings/Recording_1.mp3,audio recordings,Recording_1.mp3,.mp3,audio,raw_capture,1649409,2023-01-09T12:53:32,1649409:recording_1.mp3,,,,,,,
Audio Bee/audio recordings/Recording_2.mp3,audio recordings/Recording_2.mp3,audio recordings,Recording_2.mp3,.mp3,audio,raw_capture,1670145,2023-01-09T12:59:50,1670145:recording_2.mp3,,,,,,,
Audio Bee/audio recordings/Security Camera Stalking.mp3,audio recordings/Security Camera Stalking.mp3,audio recordings,Security Camera Stalking.mp3,.mp3,audio,raw_capture,651777,2023-09-06T12:06:12,651777:security camera stalking.mp3,,,,,,,
Audio Bee/audio recordings/Slender Man.mp3,audio recordings/Slender Man.mp3,audio recordings,Slender Man.mp3,.mp3,audio,raw_capture,29717379,2024-12-14T07:32:20,29717379:slender man.mp3,,,,,,,
Audio Bee/audio recordings/Slender Man^.wav,audio recordings/Slender Man^.wav,audio recordings,Slender Man^.wav,.wav,audio,raw_capture,163811786,2024-12-21T11:57:15,163811786:slender man^.wav,,,,,,,
Audio Bee/audio recordings/Swoll.mp3,audio recordings/Swoll.mp3,audio recordings,Swoll.mp3,.mp3,audio,raw_capture,41464899,2024-11-12T08:13:37,41464899:swoll.mp3,,,,,,,
Audio Bee/audio recordings/Swoll^.wav,audio recordings/Swoll^.wav,audio recordings,Swoll^.wav,.wav,audio,raw_capture,228569990,2024-12-21T11:56:55,228569990:swoll^.wav,,,,,,,
Audio Bee/audio recordings/Taylor MJ_1.mp3,audio recordings/Taylor MJ_1.mp3,audio recordings,Taylor MJ_1.mp3,.mp3,audio,raw_capture,8566338,2024-10-11T11:21:52,8566338:taylor mj_1.mp3,,,,,,,
Audio Bee/audio recordings/Test Pod Files/Audio_10_07_2024_00_06_43^.wav,audio recordings/Test Pod Files/Audio_10_07_2024_00_06_43^.wav,audio recordings,Audio_10_07_2024_00_06_43^.wav,.wav,audio,raw_capture,302809342,2024-12-21T13:02:08,302809342:audio_10_07_2024_00_06_43^.wav,,,,,,,
Audio Bee/audio recordings/Test Pod.nhsx,audio recordings/Test Pod.nhsx,audio recordings,Test Pod.nhsx,.nhsx,other,raw_capture,983,2024-12-21T13:25:36,983:test pod.nhsx,,,,,,,
Audio Bee/audio recordings/Variety Baby^.wav,audio recordings/Variety Baby^.wav,audio recordings,Variety Baby^.wav,.wav,audio,raw_capture,306270310,2024-12-21T11:57:18,306270310:variety baby^.wav,,,,,,,
Audio Bee/audio recordings/Variety Baby_1.mp3,audio recordings/Variety Baby_1.mp3,audio recordings,Variety Baby_1.mp3,.mp3,audio,raw_capture,55559874,2024-11-03T07:45:55,55559874:variety baby_1.mp3,,,,,,,
Audio Bee/audio recordings/Wayne 10_2_24 Case Rant.mp3,audio recordings/Wayne 10_2_24 Case Rant.mp3,audio recordings,Wayne 10_2_24 Case Rant.mp3,.mp3,audio,raw_capture,42614019,2024-10-02T10:12:46,42614019:wayne 10_2_24 case rant.mp3,,,,,,,
Audio Bee/audio recordings/Wayne 10_2_24 Case Rant^.wav,audio recordings/Wayne 10_2_24 Case Rant^.wav,audio recordings,Wayne 10_2_24 Case Rant^.wav,.wav,audio,raw_capture,234904514,2024-12-21T11:57:21,234904514:wayne 10_2_24 case rant^.wav,,,,,,,
Audio Bee/audio recordings/take a 💩.mp3,audio recordings/take a 💩.mp3,audio recordings,take a 💩.mp3,.mp3,audio,raw_capture,2768978,2025-07-28T21:27:12,2768978:take a 💩.mp3,,,,,,,
Audio Bee/config/confirmed_pool_titles.txt,config/confirmed_pool_titles.txt,config,confirmed_pool_titles.txt,.txt,document,documentation_general,88,2026-03-16T10:00:04,88:confirmed_pool_titles.txt,,,,,,,
Audio Bee/output/anchor_batch.csv,output/anchor_batch.csv,output,anchor_batch.csv,.csv,spreadsheet,documentation_general,1862,2026-03-17T15:29:31,1862:anchor_batch.csv,,,,,,,
Audio Bee/output/audio_catalog_all.json,output/audio_catalog_all.json,output,audio_catalog_all.json,.json,data,ops_system,124409,2026-03-17T14:37:51,124409:audio_catalog_all.json,,,,,,,
Audio Bee/output/audio_catalog_since_2024-07-18.csv,output/audio_catalog_since_2024-07-18.csv,output,audio_catalog_since_2024-07-18.csv,.csv,spreadsheet,ops_system,28849,2026-03-17T14:37:51,28849:audio_catalog_since_2024-07-18.csv,,,,,,,
Audio Bee/output/audio_catalog_summary.json,output/audio_catalog_summary.json,output,audio_catalog_summary.json,.json,data,ops_system,171,2026-03-17T14:37:51,171:audio_catalog_summary.json,,,,,,,
Audio Bee/output/podcast_series_map.md,output/podcast_series_map.md,output,podcast_series_map.md,.md,document,deliverable_publish,6486,2026-03-16T10:01:18,6486:podcast_series_map.md,,,,,,,
Audio Bee/output/provisional_review_2026-03-17.md,output/provisional_review_2026-03-17.md,output,provisional_review_2026-03-17.md,.md,document,documentation_general,7540,2026-03-17T14:38:57,7540:provisional_review_2026-03-17.md,,,,,,,
Audio Bee/scripts/catalog_audio.py,scripts/catalog_audio.py,scripts,catalog_audio.py,.py,other,project_docs,11216,2026-03-17T14:38:07,11216:catalog_audio.py,,,,,,,
Audio Bee/scripts/enrich_audio_index.py,scripts/enrich_audio_index.py,scripts,enrich_audio_index.py,.py,other,project_docs,11718,2026-03-17T16:45:43,11718:enrich_audio_index.py,,,,,,,
