zip_source,zip_path,bytes,imported_path
Drive/drive-download-20260420T163809Z-3-001.zip,Jason Richards/LOMN JER.pages,745538,Archiavellian-Archive/inbox/google-drive/2026-04/ingest-2026-04-20-net-new/Jason Richards/LOMN JER.pages
Drive/drive-download-20260420T163809Z-3-001.zip,Industry Background/Ooyala Flex Media Platform – Content Distribution Data Sheet.pdf,639606,Archiavellian-Archive/inbox/google-drive/2026-04/ingest-2026-04-20-net-new/Industry Background/Ooyala Flex Media Platform – Content Distribution Data Sheet.pdf
Drive/drive-download-20260420T163809Z-3-001.zip,Music/Spiritualized/Ladies and Gentlemen We Are Floating In/Folder.jpg,18041,Archiavellian-Archive/inbox/google-drive/2026-04/ingest-2026-04-20-net-new/Music/Spiritualized/Ladies and Gentlemen We Are Floating In/Folder.jpg
Drive/drive-download-20260420T163809Z-3-001.zip,Music/Gorillaz/Demon Days/Folder.jpg,30147,Archiavellian-Archive/inbox/google-drive/2026-04/ingest-2026-04-20-net-new/Music/Gorillaz/Demon Days/Folder.jpg
Drive/drive-download-20260420T163809Z-3-001.zip,Music/Gorillaz/Demon Days/AlbumArt_{316BF3D9-9CEA-418A-AE26-2607680B4D3B}_Large.jpg,30147,Archiavellian-Archive/inbox/google-drive/2026-04/ingest-2026-04-20-net-new/Music/Gorillaz/Demon Days/AlbumArt_{316BF3D9-9CEA-418A-AE26-2607680B4D3B}_Large.jpg
Drive/drive-download-20260420T163809Z-3-001.zip,Music/Gorillaz/Demon Days/AlbumArtSmall.jpg,7634,Archiavellian-Archive/inbox/google-drive/2026-04/ingest-2026-04-20-net-new/Music/Gorillaz/Demon Days/AlbumArtSmall.jpg
Drive/drive-download-20260420T163809Z-3-001.zip,Music/Gorillaz/Demon Days/AlbumArt_{316BF3D9-9CEA-418A-AE26-2607680B4D3B}_Small.jpg,7634,Archiavellian-Archive/inbox/google-drive/2026-04/ingest-2026-04-20-net-new/Music/Gorillaz/Demon Days/AlbumArt_{316BF3D9-9CEA-418A-AE26-2607680B4D3B}_Small.jpg
Drive/drive-download-20260420T163809Z-3-001.zip,Music/Gorillaz/Demon Days/desktop.ini,302,Archiavellian-Archive/inbox/google-drive/2026-04/ingest-2026-04-20-net-new/Music/Gorillaz/Demon Days/desktop.ini
Drive/drive-download-20260420T163809Z-3-001.zip,Aneumind/My Song.band/Caches.nosync/_cacheInfo.xml,276,Archiavellian-Archive/inbox/google-drive/2026-04/ingest-2026-04-20-net-new/Aneumind/My Song.band/Caches.nosync/_cacheInfo.xml
Drive/drive-download-20260420T163809Z-3-001.zip,Tripp Consulting/Screenshot 2025-11-12 at 11.11.39 AM.png,254119,Archiavellian-Archive/inbox/google-drive/2026-04/ingest-2026-04-20-net-new/Tripp Consulting/Screenshot 2025-11-12 at 11.11.39 AM.png
Drive/drive-download-20260420T163809Z-3-001.zip,Tripp Consulting/Screenshot 2025-11-12 at 10.33.10 AM.png,319056,Archiavellian-Archive/inbox/google-drive/2026-04/ingest-2026-04-20-net-new/Tripp Consulting/Screenshot 2025-11-12 at 10.33.10 AM.png
Drive/drive-download-20260420T163809Z-3-001.zip,Tripp Consulting/MNDA - Tripp Consulting.pages,871360,Archiavellian-Archive/inbox/google-drive/2026-04/ingest-2026-04-20-net-new/Tripp Consulting/MNDA - Tripp Consulting.pages
Drive/drive-download-20260420T163809Z-3-001.zip,Tripp Consulting/Screenshot 2025-11-12 at 10.31.34 AM.png,362553,Archiavellian-Archive/inbox/google-drive/2026-04/ingest-2026-04-20-net-new/Tripp Consulting/Screenshot 2025-11-12 at 10.31.34 AM.png
Drive/drive-download-20260420T163809Z-3-001.zip,Industry Background/Live-Video-Streaming-Trends.pdf,1754359,Archiavellian-Archive/inbox/google-drive/2026-04/ingest-2026-04-20-net-new/Industry Background/Live-Video-Streaming-Trends.pdf
Drive/drive-download-20260420T163809Z-3-001.zip,Industry Background/bc-wp-monetization-avod-svod.pdf,1677482,Archiavellian-Archive/inbox/google-drive/2026-04/ingest-2026-04-20-net-new/Industry Background/bc-wp-monetization-avod-svod.pdf
Drive/drive-download-20260420T163809Z-3-001.zip,Music/John Vosler/Yoga Nidra_ Love and Acceptance/AlbumArtSmall.jpg,4189,Archiavellian-Archive/inbox/google-drive/2026-04/ingest-2026-04-20-net-new/Music/John Vosler/Yoga Nidra_ Love and Acceptance/AlbumArtSmall.jpg
Drive/drive-download-20260420T163809Z-3-001.zip,"Tripp Consulting/TC MNDA - Purcell, Reagan.pages",870187,"Archiavellian-Archive/inbox/google-drive/2026-04/ingest-2026-04-20-net-new/Tripp Consulting/TC MNDA - Purcell, Reagan.pages"
Drive/drive-download-20260420T163809Z-3-001.zip,Aneumind/My Song.band/Output/metadata.plist,2940,Archiavellian-Archive/inbox/google-drive/2026-04/ingest-2026-04-20-net-new/Aneumind/My Song.band/Output/metadata.plist
Drive/drive-download-20260420T163809Z-3-001.zip,Aneumind/My Song.band/Output/assetsmetadata.plist,655,Archiavellian-Archive/inbox/google-drive/2026-04/ingest-2026-04-20-net-new/Aneumind/My Song.band/Output/assetsmetadata.plist
Drive/drive-download-20260420T163809Z-3-001.zip,Music/John Vosler/Yoga Nidra_ Love and Acceptance/Folder.jpg,17647,Archiavellian-Archive/inbox/google-drive/2026-04/ingest-2026-04-20-net-new/Music/John Vosler/Yoga Nidra_ Love and Acceptance/Folder.jpg
Drive/drive-download-20260420T163809Z-3-001.zip,Aneumind/My Song.band/Output/_cacheInfo.xml,276,Archiavellian-Archive/inbox/google-drive/2026-04/ingest-2026-04-20-net-new/Aneumind/My Song.band/Output/_cacheInfo.xml
Drive/drive-download-20260420T163809Z-3-001.zip,Aneumind/My Song.band/Output/arrange_screenshot.png,263700,Archiavellian-Archive/inbox/google-drive/2026-04/ingest-2026-04-20-net-new/Aneumind/My Song.band/Output/arrange_screenshot.png
Drive/drive-download-20260420T163809Z-3-001.zip,Aneumind/My Song.band/Contents/PkgInfo,8,Archiavellian-Archive/inbox/google-drive/2026-04/ingest-2026-04-20-net-new/Aneumind/My Song.band/Contents/PkgInfo
Drive/drive-download-20260420T163809Z-3-001.zip,Archiavellian/ARCHIAVELLIAN/README.md.docx,218232,Archiavellian-Archive/inbox/google-drive/2026-04/ingest-2026-04-20-net-new/Archiavellian/ARCHIAVELLIAN/README.md.docx
Drive/drive-download-20260420T163809Z-3-001.zip,Tripp Consulting/TC Client List w notes.numbers,240922,Archiavellian-Archive/inbox/google-drive/2026-04/ingest-2026-04-20-net-new/Tripp Consulting/TC Client List w notes.numbers
Drive/drive-download-20260420T163809Z-3-001.zip,Aneumind/My Song.band/Output/arrange_screenshot_big.png,4584227,Archiavellian-Archive/inbox/google-drive/2026-04/ingest-2026-04-20-net-new/Aneumind/My Song.band/Output/arrange_screenshot_big.png
Drive/drive-download-20260420T163809Z-3-001.zip,Aneumind/IND_Eligibility Change with SEP (ELG-101-03)-4001166271-2-Jan-2024.docx,275654,Archiavellian-Archive/inbox/google-drive/2026-04/ingest-2026-04-20-net-new/Aneumind/IND_Eligibility Change with SEP (ELG-101-03)-4001166271-2-Jan-2024.docx
Drive/drive-download-20260420T163809Z-3-001.zip,"Tripp Consulting/NDA - Tripp Consulting & Namoff, Rachel.pages",870225,"Archiavellian-Archive/inbox/google-drive/2026-04/ingest-2026-04-20-net-new/Tripp Consulting/NDA - Tripp Consulting & Namoff, Rachel.pages"
Drive/drive-download-20260420T163809Z-3-001.zip,Aneumind/Travelers Policy Docs - Stock.pdf,15422994,Archiavellian-Archive/inbox/google-drive/2026-04/ingest-2026-04-20-net-new/Aneumind/Travelers Policy Docs - Stock.pdf
Drive/drive-download-20260420T163809Z-3-001.zip,Industry Background/AdLib Workflow 2018-04-30.pptx,134175,Archiavellian-Archive/inbox/google-drive/2026-04/ingest-2026-04-20-net-new/Industry Background/AdLib Workflow 2018-04-30.pptx
Drive/drive-download-20260420T163809Z-3-001.zip,Archiavellian/archive/README.md.docx,217039,Archiavellian-Archive/inbox/google-drive/2026-04/ingest-2026-04-20-net-new/Archiavellian/archive/README.md.docx
Drive/drive-download-20260420T163809Z-3-001.zip,Industry Background/Peer Summit Discussion Review 2018-06-19.docx,7863,Archiavellian-Archive/inbox/google-drive/2026-04/ingest-2026-04-20-net-new/Industry Background/Peer Summit Discussion Review 2018-06-19.docx
Drive/drive-download-20260420T163809Z-3-001.zip,Jason Richards/2 LOMN JER.docx,219450,Archiavellian-Archive/inbox/google-drive/2026-04/ingest-2026-04-20-net-new/Jason Richards/2 LOMN JER.docx
Drive/drive-download-20260420T163809Z-3-001.zip,3.0 Product Detail/AdLib Connection Diagram 2018-02-27.pdf,475625,Archiavellian-Archive/inbox/google-drive/2026-04/ingest-2026-04-20-net-new/3.0 Product Detail/AdLib Connection Diagram 2018-02-27.pdf
Drive/drive-download-20260420T163809Z-3-001.zip,2.0 Business Model/VOD-Deliveries.xlsx,67214,Archiavellian-Archive/inbox/google-drive/2026-04/ingest-2026-04-20-net-new/2.0 Business Model/VOD-Deliveries.xlsx
Drive/drive-download-20260420T163809Z-3-001.zip,Archiavellian/ARCHIAVELLIAN/09_qc/Archiavellian_Codex_Update_Prompt_v1.md.docx,219711,Archiavellian-Archive/inbox/google-drive/2026-04/ingest-2026-04-20-net-new/Archiavellian/ARCHIAVELLIAN/09_qc/Archiavellian_Codex_Update_Prompt_v1.md.docx
Drive/drive-download-20260420T163809Z-3-001.zip,"Tripp Consulting/TC MNDA - Purcell, Reagan.docx",596720,"Archiavellian-Archive/inbox/google-drive/2026-04/ingest-2026-04-20-net-new/Tripp Consulting/TC MNDA - Purcell, Reagan.docx"
Drive/drive-download-20260420T163809Z-3-001.zip,2.0 Business Model/Ad Ecosystem View 2018-08-08.xlsx,35372,Archiavellian-Archive/inbox/google-drive/2026-04/ingest-2026-04-20-net-new/2.0 Business Model/Ad Ecosystem View 2018-08-08.xlsx
Drive/drive-download-20260420T163809Z-3-001.zip,3.0 Product Detail/AdLib Use Cases Summary 2018-01-01.docx,9683,Archiavellian-Archive/inbox/google-drive/2026-04/ingest-2026-04-20-net-new/3.0 Product Detail/AdLib Use Cases Summary 2018-01-01.docx
Drive/drive-download-20260420T163809Z-3-001.zip,3.0 Product Detail/AdLib - Product Brief 2018-02-01.docx,455520,Archiavellian-Archive/inbox/google-drive/2026-04/ingest-2026-04-20-net-new/3.0 Product Detail/AdLib - Product Brief 2018-02-01.docx
Drive/drive-download-20260420T163809Z-3-001.zip,3.0 Product Detail/User Persona Programmer Ad Ops 2018-01-26.docx,154361,Archiavellian-Archive/inbox/google-drive/2026-04/ingest-2026-04-20-net-new/3.0 Product Detail/User Persona Programmer Ad Ops 2018-01-26.docx
Drive/drive-download-20260420T163809Z-3-001.zip,Archiavellian/ARCHIAVELLIAN/05_archival/planning/Archiavellian_Asset_Map_v1.md.docx,225978,Archiavellian-Archive/inbox/google-drive/2026-04/ingest-2026-04-20-net-new/Archiavellian/ARCHIAVELLIAN/05_archival/planning/Archiavellian_Asset_Map_v1.md.docx
Drive/drive-download-20260420T163809Z-3-001.zip,Archiavellian/archive/reference/media_hotspots.xlsx,5931,Archiavellian-Archive/inbox/google-drive/2026-04/ingest-2026-04-20-net-new/Archiavellian/archive/reference/media_hotspots.xlsx
Drive/drive-download-20260420T163809Z-3-001.zip,Archiavellian/ARCHIAVELLIAN/05_archival/planning/Archiavellian_Top_Selects_By_Section_v1.md.docx,220206,Archiavellian-Archive/inbox/google-drive/2026-04/ingest-2026-04-20-net-new/Archiavellian/ARCHIAVELLIAN/05_archival/planning/Archiavellian_Top_Selects_By_Section_v1.md.docx
Drive/drive-download-20260420T163809Z-3-001.zip,Archiavellian/ARCHIAVELLIAN/03_sales/Beautiful.ai - Archiavellian - She Had Receipts.pdf,8162018,Archiavellian-Archive/inbox/google-drive/2026-04/ingest-2026-04-20-net-new/Archiavellian/ARCHIAVELLIAN/03_sales/Beautiful.ai - Archiavellian - She Had Receipts.pdf
Drive/drive-download-20260420T163809Z-3-001.zip,Archiavellian/ARCHIAVELLIAN/03_sales/author_bio_and_linkedin.md.docx,220439,Archiavellian-Archive/inbox/google-drive/2026-04/ingest-2026-04-20-net-new/Archiavellian/ARCHIAVELLIAN/03_sales/author_bio_and_linkedin.md.docx
Drive/drive-download-20260420T163809Z-3-001.zip,Archiavellian/archive/reference/media_directory_counts.xlsx,5145,Archiavellian-Archive/inbox/google-drive/2026-04/ingest-2026-04-20-net-new/Archiavellian/archive/reference/media_directory_counts.xlsx
Drive/drive-download-20260420T163809Z-3-001.zip,Stock v. Kaser/jesse_financial_disclosure_timeline.xlsx,6474,Archiavellian-Archive/inbox/google-drive/2026-04/ingest-2026-04-20-net-new/Stock v. Kaser/jesse_financial_disclosure_timeline.xlsx
Drive/drive-download-20260420T163809Z-3-001.zip,Archiavellian/archive/Communication_Backup/10_Collection_Logs/collection_log.xlsx,10022,Archiavellian-Archive/inbox/google-drive/2026-04/ingest-2026-04-20-net-new/Archiavellian/archive/Communication_Backup/10_Collection_Logs/collection_log.xlsx
Drive/drive-download-20260420T163809Z-3-001.zip,Archiavellian/archive/Communication_Backup/07_Taylor_Tripp/Timeline/taylor_tripp_timeline.xlsx,5420,Archiavellian-Archive/inbox/google-drive/2026-04/ingest-2026-04-20-net-new/Archiavellian/archive/Communication_Backup/07_Taylor_Tripp/Timeline/taylor_tripp_timeline.xlsx
Drive/drive-download-20260420T163809Z-3-001.zip,Archiavellian/ARCHIAVELLIAN/05_archival/planning/Archiavellian_Google_Drive_Pull_Recommendations_v1.md.docx,371871,Archiavellian-Archive/inbox/google-drive/2026-04/ingest-2026-04-20-net-new/Archiavellian/ARCHIAVELLIAN/05_archival/planning/Archiavellian_Google_Drive_Pull_Recommendations_v1.md.docx
Drive/drive-download-20260420T163809Z-3-001.zip,Stock v. Kaser/melissa_executive_summary (1).md.docx,221819,Archiavellian-Archive/inbox/google-drive/2026-04/ingest-2026-04-20-net-new/Stock v. Kaser/melissa_executive_summary (1).md.docx
Drive/drive-download-20260420T163809Z-3-001.zip,2.0 Business Model/Sell Side Business Model - Nat STB-VOD 2018-08-12.xlsx,212118,Archiavellian-Archive/inbox/google-drive/2026-04/ingest-2026-04-20-net-new/2.0 Business Model/Sell Side Business Model - Nat STB-VOD 2018-08-12.xlsx
Drive/drive-download-20260420T163809Z-3-001.zip,Archiavellian/archive/Communication_Backup/10_Collection_Logs/collection_report.md.docx,219689,Archiavellian-Archive/inbox/google-drive/2026-04/ingest-2026-04-20-net-new/Archiavellian/archive/Communication_Backup/10_Collection_Logs/collection_report.md.docx
Drive/drive-download-20260420T163809Z-3-001.zip,1.0 Strategy/AdLib Pilot Workflow 2018-04-25.pdf,536609,Archiavellian-Archive/inbox/google-drive/2026-04/ingest-2026-04-20-net-new/1.0 Strategy/AdLib Pilot Workflow 2018-04-25.pdf
Drive/drive-download-20260420T163809Z-3-001.zip,Archiavellian/ARCHIAVELLIAN/09_qc/Archiavellian_Local_Cloud_Consistency_Map_v1.md.docx,219265,Archiavellian-Archive/inbox/google-drive/2026-04/ingest-2026-04-20-net-new/Archiavellian/ARCHIAVELLIAN/09_qc/Archiavellian_Local_Cloud_Consistency_Map_v1.md.docx
Drive/drive-download-20260420T163809Z-3-001.zip,Archiavellian/ARCHIAVELLIAN/03_sales/pitch_deck_outline.md.docx,220806,Archiavellian-Archive/inbox/google-drive/2026-04/ingest-2026-04-20-net-new/Archiavellian/ARCHIAVELLIAN/03_sales/pitch_deck_outline.md.docx
Drive/drive-download-20260420T163809Z-3-001.zip,Archiavellian/ARCHIAVELLIAN/04_scripts/sizzle_vo_script_v2.md.docx,220138,Archiavellian-Archive/inbox/google-drive/2026-04/ingest-2026-04-20-net-new/Archiavellian/ARCHIAVELLIAN/04_scripts/sizzle_vo_script_v2.md.docx
Drive/drive-download-20260420T163809Z-3-001.zip,Personal Finance/Screenshot 2025-05-01 at 1.35.49 PM.png,305235,Archiavellian-Archive/inbox/google-drive/2026-04/ingest-2026-04-20-net-new/Personal Finance/Screenshot 2025-05-01 at 1.35.49 PM.png
Drive/drive-download-20260420T163809Z-3-001.zip,Personal Finance/id-card.jpeg,92734,Archiavellian-Archive/inbox/google-drive/2026-04/ingest-2026-04-20-net-new/Personal Finance/id-card.jpeg
Drive/drive-download-20260420T163809Z-3-001.zip,Archiavellian/archive/reference/media_index.md.docx,218325,Archiavellian-Archive/inbox/google-drive/2026-04/ingest-2026-04-20-net-new/Archiavellian/archive/reference/media_index.md.docx
Drive/drive-download-20260420T163809Z-3-001.zip,Archiavellian/ARCHIAVELLIAN/09_qc/Archiavellian_Architectural_Scaffolding_QA_Report_v1.md.docx,218127,Archiavellian-Archive/inbox/google-drive/2026-04/ingest-2026-04-20-net-new/Archiavellian/ARCHIAVELLIAN/09_qc/Archiavellian_Architectural_Scaffolding_QA_Report_v1.md.docx
Drive/drive-download-20260420T163809Z-3-001.zip,3.0 Product Detail/User Story - Campaign Manager 2018-02-02.docx,10588,Archiavellian-Archive/inbox/google-drive/2026-04/ingest-2026-04-20-net-new/3.0 Product Detail/User Story - Campaign Manager 2018-02-02.docx
Drive/drive-download-20260420T163809Z-3-001.zip,Archiavellian/ARCHIAVELLIAN/09_qc/Archiavellian_Local_Cloud_Consistency_QA_v1.md.docx,217474,Archiavellian-Archive/inbox/google-drive/2026-04/ingest-2026-04-20-net-new/Archiavellian/ARCHIAVELLIAN/09_qc/Archiavellian_Local_Cloud_Consistency_QA_v1.md.docx
Drive/drive-download-20260420T163809Z-3-001.zip,Archiavellian/archive/reference/media_manifest.xlsx,47071,Archiavellian-Archive/inbox/google-drive/2026-04/ingest-2026-04-20-net-new/Archiavellian/archive/reference/media_manifest.xlsx
Drive/drive-download-20260420T163809Z-3-001.zip,Archiavellian/ARCHIAVELLIAN/04_scripts/kitchen_scene_documentary_beat_v1.md.docx,10052,Archiavellian-Archive/inbox/google-drive/2026-04/ingest-2026-04-20-net-new/Archiavellian/ARCHIAVELLIAN/04_scripts/kitchen_scene_documentary_beat_v1.md.docx
Drive/drive-download-20260420T163809Z-3-001.zip,Archiavellian/archive/reference/research_appendix_index.md.docx,217465,Archiavellian-Archive/inbox/google-drive/2026-04/ingest-2026-04-20-net-new/Archiavellian/archive/reference/research_appendix_index.md.docx
Drive/drive-download-20260420T163809Z-3-001.zip,Archiavellian/ARCHIAVELLIAN/04_scripts/sizzle_script.md.docx,221123,Archiavellian-Archive/inbox/google-drive/2026-04/ingest-2026-04-20-net-new/Archiavellian/ARCHIAVELLIAN/04_scripts/sizzle_script.md.docx
Drive/drive-download-20260420T163809Z-3-001.zip,1.0 Strategy/AdLib - White Paper 2018-07-18.docx,456823,Archiavellian-Archive/inbox/google-drive/2026-04/ingest-2026-04-20-net-new/1.0 Strategy/AdLib - White Paper 2018-07-18.docx
Drive/drive-download-20260420T163809Z-3-001.zip,1.0 Strategy/AdStor-AdBridge Feature Compare 2018-08-21.xlsx,14658,Archiavellian-Archive/inbox/google-drive/2026-04/ingest-2026-04-20-net-new/1.0 Strategy/AdStor-AdBridge Feature Compare 2018-08-21.xlsx
Drive/drive-download-20260420T163809Z-3-001.zip,1.0 Strategy/AdOps Timeline Progressions 2018-09-21.pptx,206785,Archiavellian-Archive/inbox/google-drive/2026-04/ingest-2026-04-20-net-new/1.0 Strategy/AdOps Timeline Progressions 2018-09-21.pptx
Drive/drive-download-20260420T163809Z-3-001.zip,Stock v. Kaser/jesse_pattern_review_2015_forward.md.docx,222588,Archiavellian-Archive/inbox/google-drive/2026-04/ingest-2026-04-20-net-new/Stock v. Kaser/jesse_pattern_review_2015_forward.md.docx
Drive/drive-download-20260420T163809Z-3-001.zip,1.0 Strategy/AdOps - Weekly Status Meeting 2018-10-31.pptx,175287,Archiavellian-Archive/inbox/google-drive/2026-04/ingest-2026-04-20-net-new/1.0 Strategy/AdOps - Weekly Status Meeting 2018-10-31.pptx
Drive/drive-download-20260420T163809Z-3-001.zip,Archiavellian/archive/Communication_Backup/07_Taylor_Tripp/Email/taylor_tripp_mail_index_matches.xlsx,13573,Archiavellian-Archive/inbox/google-drive/2026-04/ingest-2026-04-20-net-new/Archiavellian/archive/Communication_Backup/07_Taylor_Tripp/Email/taylor_tripp_mail_index_matches.xlsx
Drive/drive-download-20260420T163809Z-3-001.zip,Archiavellian/archive/backups/phone_cleanup_backups/20260319T013830Z/backup_manifest.xlsx,5509,Archiavellian-Archive/inbox/google-drive/2026-04/ingest-2026-04-20-net-new/Archiavellian/archive/backups/phone_cleanup_backups/20260319T013830Z/backup_manifest.xlsx
Drive/drive-download-20260420T163809Z-3-001.zip,Personal Finance/IND_Eligibility Change with SEP (ELG-101-03)-4001166271-2-Jan-2024.docx,275654,Archiavellian-Archive/inbox/google-drive/2026-04/ingest-2026-04-20-net-new/Personal Finance/IND_Eligibility Change with SEP (ELG-101-03)-4001166271-2-Jan-2024.docx
Drive/drive-download-20260420T163809Z-3-001.zip,Archiavellian/archive/backups/phone_cleanup_backups/20260319T013748Z/backup_manifest.xlsx,5509,Archiavellian-Archive/inbox/google-drive/2026-04/ingest-2026-04-20-net-new/Archiavellian/archive/backups/phone_cleanup_backups/20260319T013748Z/backup_manifest.xlsx
Drive/drive-download-20260420T163809Z-3-001.zip,"Journey to Self Love 3 part series MP3 - Self Talk, Self Care, & Self Celebration - email signup/The Signal & The Noise.docx",15364,"Archiavellian-Archive/inbox/google-drive/2026-04/ingest-2026-04-20-net-new/Journey to Self Love 3 part series MP3 - Self Talk, Self Care, & Self Celebration - email signup/The Signal & The Noise.docx"
Drive/drive-download-20260420T163809Z-3-001.zip,"Journey to Self Love 3 part series MP3 - Self Talk, Self Care, & Self Celebration - email signup/mjs_digital_strategy_bank_ledger_2025_onward.xlsx",5169,"Archiavellian-Archive/inbox/google-drive/2026-04/ingest-2026-04-20-net-new/Journey to Self Love 3 part series MP3 - Self Talk, Self Care, & Self Celebration - email signup/mjs_digital_strategy_bank_ledger_2025_onward.xlsx"
Drive/drive-download-20260420T163809Z-3-001.zip,"Journey to Self Love 3 part series MP3 - Self Talk, Self Care, & Self Celebration - email signup/melissa-stock-amazon-brand-measurement-resume-2026-03-29.md.docx",10875,"Archiavellian-Archive/inbox/google-drive/2026-04/ingest-2026-04-20-net-new/Journey to Self Love 3 part series MP3 - Self Talk, Self Care, & Self Celebration - email signup/melissa-stock-amazon-brand-measurement-resume-2026-03-29.md.docx"
Drive/drive-download-20260420T163809Z-3-001.zip,Archiavellian/ARCHIAVELLIAN/06_edit/prep/Archiavellian_Shot_List_v1.md.docx,228484,Archiavellian-Archive/inbox/google-drive/2026-04/ingest-2026-04-20-net-new/Archiavellian/ARCHIAVELLIAN/06_edit/prep/Archiavellian_Shot_List_v1.md.docx
Drive/drive-download-20260420T163809Z-3-001.zip,Archiavellian/ARCHIAVELLIAN/06_edit/prep/Archiavellian_Editor_Pull_List_v1.md.docx,228088,Archiavellian-Archive/inbox/google-drive/2026-04/ingest-2026-04-20-net-new/Archiavellian/ARCHIAVELLIAN/06_edit/prep/Archiavellian_Editor_Pull_List_v1.md.docx
Drive/drive-download-20260420T163809Z-3-001.zip,"Journey to Self Love 3 part series MP3 - Self Talk, Self Care, & Self Celebration - email signup/counsel_memo_stock_v_kaser_20260411.md.docx",236261,"Archiavellian-Archive/inbox/google-drive/2026-04/ingest-2026-04-20-net-new/Journey to Self Love 3 part series MP3 - Self Talk, Self Care, & Self Celebration - email signup/counsel_memo_stock_v_kaser_20260411.md.docx"
Drive/drive-download-20260420T163809Z-3-001.zip,Archiavellian/ARCHIAVELLIAN/06_edit/prep/Archiavellian_Paper_Edit_v1.md.docx,224629,Archiavellian-Archive/inbox/google-drive/2026-04/ingest-2026-04-20-net-new/Archiavellian/ARCHIAVELLIAN/06_edit/prep/Archiavellian_Paper_Edit_v1.md.docx
Drive/drive-download-20260420T163809Z-3-001.zip,"Journey to Self Love 3 part series MP3 - Self Talk, Self Care, & Self Celebration - email signup/counsel_divorce_briefing.md.docx",222732,"Archiavellian-Archive/inbox/google-drive/2026-04/ingest-2026-04-20-net-new/Journey to Self Love 3 part series MP3 - Self Talk, Self Care, & Self Celebration - email signup/counsel_divorce_briefing.md.docx"
Drive/drive-download-20260420T163809Z-3-001.zip,Archiavellian/ARCHIAVELLIAN/06_edit/prep/Archiavellian_Edit_Prep_Package_v1.md.docx,224641,Archiavellian-Archive/inbox/google-drive/2026-04/ingest-2026-04-20-net-new/Archiavellian/ARCHIAVELLIAN/06_edit/prep/Archiavellian_Edit_Prep_Package_v1.md.docx
Drive/drive-download-20260420T163809Z-3-001.zip,Aneumind/MeSt MINDGYM complete.pdf,6727447,Archiavellian-Archive/inbox/google-drive/2026-04/ingest-2026-04-20-net-new/Aneumind/MeSt MINDGYM complete.pdf
Drive/drive-download-20260420T163809Z-3-001.zip,"Journey to Self Love 3 part series MP3 - Self Talk, Self Care, & Self Celebration - email signup/Untitled spreadsheet.xlsx",17045,"Archiavellian-Archive/inbox/google-drive/2026-04/ingest-2026-04-20-net-new/Journey to Self Love 3 part series MP3 - Self Talk, Self Care, & Self Celebration - email signup/Untitled spreadsheet.xlsx"
Drive/drive-download-20260420T163809Z-3-001.zip,Archiavellian/archive/Communication_Backup/07_Taylor_Tripp/Messages/taylor_tripp_aneumind_directors_thread.xlsx,225119,Archiavellian-Archive/inbox/google-drive/2026-04/ingest-2026-04-20-net-new/Archiavellian/archive/Communication_Backup/07_Taylor_Tripp/Messages/taylor_tripp_aneumind_directors_thread.xlsx
Drive/drive-download-20260420T163809Z-3-001.zip,Archiavellian/archive/Communication_Backup/07_Taylor_Tripp/Messages/taylor_tripp_messages_direct_thread.xlsx,685853,Archiavellian-Archive/inbox/google-drive/2026-04/ingest-2026-04-20-net-new/Archiavellian/archive/Communication_Backup/07_Taylor_Tripp/Messages/taylor_tripp_messages_direct_thread.xlsx
Drive/drive-download-20260420T163809Z-3-001.zip,Resume Builder/melissa-stock-amazon-brand-measurement-resume-final-2026-03-30 (3).md.docx,10869,Archiavellian-Archive/inbox/google-drive/2026-04/ingest-2026-04-20-net-new/Resume Builder/melissa-stock-amazon-brand-measurement-resume-final-2026-03-30 (3).md.docx
Drive/drive-download-20260420T163809Z-3-001.zip,Archiavellian/archive/Communication_Backup/09_Unresolved_or_Review_Needed/Export_Logs/2026-03-17_155301_finder_phone_files_photos_summary.docx,7110,Archiavellian-Archive/inbox/google-drive/2026-04/ingest-2026-04-20-net-new/Archiavellian/archive/Communication_Backup/09_Unresolved_or_Review_Needed/Export_Logs/2026-03-17_155301_finder_phone_files_photos_summary.docx
Drive/drive-download-20260420T163809Z-3-001.zip,Archiavellian/archive/Communication_Backup/01_Lauren_DeSaire/Export_Logs/nothing_found_in_accessible_local_sources.docx,6902,Archiavellian-Archive/inbox/google-drive/2026-04/ingest-2026-04-20-net-new/Archiavellian/archive/Communication_Backup/01_Lauren_DeSaire/Export_Logs/nothing_found_in_accessible_local_sources.docx
Drive/drive-download-20260420T163809Z-3-001.zip,Archiavellian/ARCHIAVELLIAN/07_expansion/lauren_companion_prose_v1.md.docx,8947,Archiavellian-Archive/inbox/google-drive/2026-04/ingest-2026-04-20-net-new/Archiavellian/ARCHIAVELLIAN/07_expansion/lauren_companion_prose_v1.md.docx
Drive/drive-download-20260420T163809Z-3-001.zip,Archiavellian/archive/Communication_Backup/01_Lauren_DeSaire/Email/lauren_desaire_mail_index_matches.xlsx,5377,Archiavellian-Archive/inbox/google-drive/2026-04/ingest-2026-04-20-net-new/Archiavellian/archive/Communication_Backup/01_Lauren_DeSaire/Email/lauren_desaire_mail_index_matches.xlsx
Drive/drive-download-20260420T163809Z-3-001.zip,Resume Builder/melissa-stock-amazon-brand-measurement-resume-final-2026-03-30 (2).md.docx,10914,Archiavellian-Archive/inbox/google-drive/2026-04/ingest-2026-04-20-net-new/Resume Builder/melissa-stock-amazon-brand-measurement-resume-final-2026-03-30 (2).md.docx
Drive/drive-download-20260420T163809Z-3-001.zip,Extreme Reach/Extreme Reach 401k 2020 Statement.pdf,213679,Archiavellian-Archive/inbox/google-drive/2026-04/ingest-2026-04-20-net-new/Extreme Reach/Extreme Reach 401k 2020 Statement.pdf
Drive/drive-download-20260420T163809Z-3-001.zip,Archiavellian/archive/Communication_Backup/09_Unresolved_or_Review_Needed/Export_Logs/2026-03-17_155301_finder_phone_files_photos_manifest.xlsx,155445,Archiavellian-Archive/inbox/google-drive/2026-04/ingest-2026-04-20-net-new/Archiavellian/archive/Communication_Backup/09_Unresolved_or_Review_Needed/Export_Logs/2026-03-17_155301_finder_phone_files_photos_manifest.xlsx
Drive/drive-download-20260420T163809Z-3-001.zip,Resume Builder/melissa-stock-amazon-brand-measurement-resume-final-2026-03-30 (1).md.docx,10914,Archiavellian-Archive/inbox/google-drive/2026-04/ingest-2026-04-20-net-new/Resume Builder/melissa-stock-amazon-brand-measurement-resume-final-2026-03-30 (1).md.docx
Drive/drive-download-20260420T163809Z-3-001.zip,Extreme Reach/Untitled document (3).pdf,98666,Archiavellian-Archive/inbox/google-drive/2026-04/ingest-2026-04-20-net-new/Extreme Reach/Untitled document (3).pdf
Drive/drive-download-20260420T163809Z-3-001.zip,Resume Builder/resume-system-recap-and-operating-manual-2026-03-30 (1).md.docx,225616,Archiavellian-Archive/inbox/google-drive/2026-04/ingest-2026-04-20-net-new/Resume Builder/resume-system-recap-and-operating-manual-2026-03-30 (1).md.docx
Drive/drive-download-20260420T163809Z-3-001.zip,Archiavellian/ARCHIAVELLIAN/07_expansion/podcast_trailer_script.md.docx,218710,Archiavellian-Archive/inbox/google-drive/2026-04/ingest-2026-04-20-net-new/Archiavellian/ARCHIAVELLIAN/07_expansion/podcast_trailer_script.md.docx
Drive/drive-download-20260420T163809Z-3-001.zip,Archiavellian/ARCHIAVELLIAN/07_expansion/support_circle_book_prose_v1.md.docx,219014,Archiavellian-Archive/inbox/google-drive/2026-04/ingest-2026-04-20-net-new/Archiavellian/ARCHIAVELLIAN/07_expansion/support_circle_book_prose_v1.md.docx
Drive/drive-download-20260420T163809Z-3-001.zip,Resume Builder/melissa-stock-amazon-brand-measurement-resume-2026-03-29 (1).md.docx,11229,Archiavellian-Archive/inbox/google-drive/2026-04/ingest-2026-04-20-net-new/Resume Builder/melissa-stock-amazon-brand-measurement-resume-2026-03-29 (1).md.docx
Drive/drive-download-20260420T163809Z-3-001.zip,Resume Builder/melissa-stock-amazon-brand-measurement-resume-final-2026-03-30.md.docx,10920,Archiavellian-Archive/inbox/google-drive/2026-04/ingest-2026-04-20-net-new/Resume Builder/melissa-stock-amazon-brand-measurement-resume-final-2026-03-30.md.docx
Drive/drive-download-20260420T163809Z-3-001.zip,Archiavellian/ARCHIAVELLIAN/07_expansion/wayne_companion_prose_v1.md.docx,9285,Archiavellian-Archive/inbox/google-drive/2026-04/ingest-2026-04-20-net-new/Archiavellian/ARCHIAVELLIAN/07_expansion/wayne_companion_prose_v1.md.docx
Drive/drive-download-20260420T163809Z-3-001.zip,Archiavellian/ARCHIAVELLIAN/07_expansion/book_proposal.md.docx,223644,Archiavellian-Archive/inbox/google-drive/2026-04/ingest-2026-04-20-net-new/Archiavellian/ARCHIAVELLIAN/07_expansion/book_proposal.md.docx
Drive/drive-download-20260420T163809Z-3-001.zip,Resume Builder/melissa-stock-generic-one-page-base-2026-03-30.md.docx,10260,Archiavellian-Archive/inbox/google-drive/2026-04/ingest-2026-04-20-net-new/Resume Builder/melissa-stock-generic-one-page-base-2026-03-30.md.docx
Drive/drive-download-20260420T163809Z-3-001.zip,Archiavellian/ARCHIAVELLIAN/07_expansion/chapter_2_joint_names_separate_realities.md.docx,221655,Archiavellian-Archive/inbox/google-drive/2026-04/ingest-2026-04-20-net-new/Archiavellian/ARCHIAVELLIAN/07_expansion/chapter_2_joint_names_separate_realities.md.docx
Drive/drive-download-20260420T163809Z-3-001.zip,Extreme Reach/Copy of Innovators Dinner - Las Vegas  - Main List (1).xlsx,37000,Archiavellian-Archive/inbox/google-drive/2026-04/ingest-2026-04-20-net-new/Extreme Reach/Copy of Innovators Dinner - Las Vegas  - Main List (1).xlsx
Drive/drive-download-20260420T163809Z-3-001.zip,Archiavellian/ARCHIAVELLIAN/07_expansion/dimensional_scene_test_kitchen_v1.md.docx,11604,Archiavellian-Archive/inbox/google-drive/2026-04/ingest-2026-04-20-net-new/Archiavellian/ARCHIAVELLIAN/07_expansion/dimensional_scene_test_kitchen_v1.md.docx
Drive/drive-download-20260420T163809Z-3-001.zip,Resume Builder/melissa-stock-amazon-brand-measurement-resume-2026-03-29.md.docx,11043,Archiavellian-Archive/inbox/google-drive/2026-04/ingest-2026-04-20-net-new/Resume Builder/melissa-stock-amazon-brand-measurement-resume-2026-03-29.md.docx
Drive/drive-download-20260420T163809Z-3-001.zip,Archiavellian/ARCHIAVELLIAN/07_expansion/kitchen_scene_book_prose_v1.md.docx,8468,Archiavellian-Archive/inbox/google-drive/2026-04/ingest-2026-04-20-net-new/Archiavellian/ARCHIAVELLIAN/07_expansion/kitchen_scene_book_prose_v1.md.docx
Drive/drive-download-20260420T163809Z-3-001.zip,Extreme Reach/Copy of Innovators Dinner - Las Vegas  - Main List.xlsx,36963,Archiavellian-Archive/inbox/google-drive/2026-04/ingest-2026-04-20-net-new/Extreme Reach/Copy of Innovators Dinner - Las Vegas  - Main List.xlsx
Drive/drive-download-20260420T163809Z-3-001.zip,Archiavellian/ARCHIAVELLIAN/07_expansion/sample_opening_chapter.md.docx,224324,Archiavellian-Archive/inbox/google-drive/2026-04/ingest-2026-04-20-net-new/Archiavellian/ARCHIAVELLIAN/07_expansion/sample_opening_chapter.md.docx
Drive/drive-download-20260420T163809Z-3-001.zip,Extreme Reach/Sell Side Solution 2018-02-06(1).pptx,339882,Archiavellian-Archive/inbox/google-drive/2026-04/ingest-2026-04-20-net-new/Extreme Reach/Sell Side Solution 2018-02-06(1).pptx
Drive/drive-download-20260420T163809Z-3-001.zip,Extreme Reach/Sell Side Solution 2018-02-06.pptx,339882,Archiavellian-Archive/inbox/google-drive/2026-04/ingest-2026-04-20-net-new/Extreme Reach/Sell Side Solution 2018-02-06.pptx
Drive/drive-download-20260420T163809Z-3-001.zip,Extreme Reach/Copy of Innovators Dinner - Las Vegas  - Main List(1).xlsx,36963,Archiavellian-Archive/inbox/google-drive/2026-04/ingest-2026-04-20-net-new/Extreme Reach/Copy of Innovators Dinner - Las Vegas  - Main List(1).xlsx
Drive/drive-download-20260420T163809Z-3-001.zip,Extreme Reach/Copy of Innovators Dinner - Las Vegas  - Main List (1)(1).xlsx,37000,Archiavellian-Archive/inbox/google-drive/2026-04/ingest-2026-04-20-net-new/Extreme Reach/Copy of Innovators Dinner - Las Vegas  - Main List (1)(1).xlsx
Drive/drive-download-20260420T163809Z-3-001.zip,Extreme Reach/AdOps-TeamDetailReport_20201030.xlsx,24250,Archiavellian-Archive/inbox/google-drive/2026-04/ingest-2026-04-20-net-new/Extreme Reach/AdOps-TeamDetailReport_20201030.xlsx
Drive/drive-download-20260420T163809Z-3-001.zip,Extreme Reach/Copy of Innovators Dinner - Las Vegas_.xlsx,52340,Archiavellian-Archive/inbox/google-drive/2026-04/ingest-2026-04-20-net-new/Extreme Reach/Copy of Innovators Dinner - Las Vegas_.xlsx
Drive/drive-download-20260420T163809Z-3-001.zip,Archiavellian/archive/Communication_Backup/07_Taylor_Tripp/Export_Logs/taylor_tripp_addressbook_extract.xlsx,4952,Archiavellian-Archive/inbox/google-drive/2026-04/ingest-2026-04-20-net-new/Archiavellian/archive/Communication_Backup/07_Taylor_Tripp/Export_Logs/taylor_tripp_addressbook_extract.xlsx
Drive/drive-download-20260420T163809Z-3-001.zip,Archiavellian/archive/Communication_Backup/06_Jesse_Kaser/Export_Logs/identity_profile.md.docx,7520,Archiavellian-Archive/inbox/google-drive/2026-04/ingest-2026-04-20-net-new/Archiavellian/archive/Communication_Backup/06_Jesse_Kaser/Export_Logs/identity_profile.md.docx
Drive/drive-download-20260420T163809Z-3-001.zip,Archiavellian/archive/Communication_Backup/02_Bee_Honey/Export_Logs/nothing_found_in_accessible_local_sources.docx,6868,Archiavellian-Archive/inbox/google-drive/2026-04/ingest-2026-04-20-net-new/Archiavellian/archive/Communication_Backup/02_Bee_Honey/Export_Logs/nothing_found_in_accessible_local_sources.docx
Drive/drive-download-20260420T163809Z-3-001.zip,Archiavellian/archive/Communication_Backup/08_Raelynn_Maloney/Email/raelynn_maloney_mail_index_matches.xlsx,14620,Archiavellian-Archive/inbox/google-drive/2026-04/ingest-2026-04-20-net-new/Archiavellian/archive/Communication_Backup/08_Raelynn_Maloney/Email/raelynn_maloney_mail_index_matches.xlsx
Drive/drive-download-20260420T163809Z-3-001.zip,Archiavellian/archive/Communication_Backup/04_Brother/Export_Logs/nothing_found_in_accessible_local_sources.docx,6868,Archiavellian-Archive/inbox/google-drive/2026-04/ingest-2026-04-20-net-new/Archiavellian/archive/Communication_Backup/04_Brother/Export_Logs/nothing_found_in_accessible_local_sources.docx
Drive/drive-download-20260420T163809Z-3-001.zip,Archiavellian/archive/Communication_Backup/03_Parents/Export_Logs/partial_identity_note.docx,6869,Archiavellian-Archive/inbox/google-drive/2026-04/ingest-2026-04-20-net-new/Archiavellian/archive/Communication_Backup/03_Parents/Export_Logs/partial_identity_note.docx
Drive/drive-download-20260420T163809Z-3-001.zip,Archiavellian/archive/Communication_Backup/06_Jesse_Kaser/Email/jesse_kaser_correspondence_inventory_filtered.xlsx,77288,Archiavellian-Archive/inbox/google-drive/2026-04/ingest-2026-04-20-net-new/Archiavellian/archive/Communication_Backup/06_Jesse_Kaser/Email/jesse_kaser_correspondence_inventory_filtered.xlsx
Drive/drive-download-20260420T163809Z-3-001.zip,Archiavellian/archive/Communication_Backup/05_Kids/Email/kids_correspondence_inventory_filtered.xlsx,13088,Archiavellian-Archive/inbox/google-drive/2026-04/ingest-2026-04-20-net-new/Archiavellian/archive/Communication_Backup/05_Kids/Email/kids_correspondence_inventory_filtered.xlsx
Drive/drive-download-20260420T163809Z-3-001.zip,Archiavellian/ARCHIAVELLIAN/01_north_star/authorship_and_consent_anchor.md.docx,8618,Archiavellian-Archive/inbox/google-drive/2026-04/ingest-2026-04-20-net-new/Archiavellian/ARCHIAVELLIAN/01_north_star/authorship_and_consent_anchor.md.docx
Drive/drive-download-20260420T163809Z-3-001.zip,Archiavellian/archive/Communication_Backup/08_Raelynn_Maloney/Timeline/raelynn_maloney_timeline.xlsx,5607,Archiavellian-Archive/inbox/google-drive/2026-04/ingest-2026-04-20-net-new/Archiavellian/archive/Communication_Backup/08_Raelynn_Maloney/Timeline/raelynn_maloney_timeline.xlsx
Drive/drive-download-20260420T163809Z-3-001.zip,Archiavellian/ARCHIAVELLIAN/01_north_star/development_package.md.docx,222925,Archiavellian-Archive/inbox/google-drive/2026-04/ingest-2026-04-20-net-new/Archiavellian/ARCHIAVELLIAN/01_north_star/development_package.md.docx
Drive/drive-download-20260420T163809Z-3-001.zip,Archiavellian/ARCHIAVELLIAN/01_north_star/story_development_index.md.docx,219337,Archiavellian-Archive/inbox/google-drive/2026-04/ingest-2026-04-20-net-new/Archiavellian/ARCHIAVELLIAN/01_north_star/story_development_index.md.docx
Drive/drive-download-20260420T163809Z-3-001.zip,Archiavellian/ARCHIAVELLIAN/01_north_star/truth_standards.md.docx,10175,Archiavellian-Archive/inbox/google-drive/2026-04/ingest-2026-04-20-net-new/Archiavellian/ARCHIAVELLIAN/01_north_star/truth_standards.md.docx
Drive/drive-download-20260420T163809Z-3-001.zip,Archiavellian/ARCHIAVELLIAN/01_north_star/ip_architecture_and_expansion_map.md.docx,224846,Archiavellian-Archive/inbox/google-drive/2026-04/ingest-2026-04-20-net-new/Archiavellian/ARCHIAVELLIAN/01_north_star/ip_architecture_and_expansion_map.md.docx
Drive/drive-download-20260420T163809Z-3-001.zip,Archiavellian/archive/Communication_Backup/06_Jesse_Kaser/Email/jesse_kaser_mail_index_matches.xlsx,4953,Archiavellian-Archive/inbox/google-drive/2026-04/ingest-2026-04-20-net-new/Archiavellian/archive/Communication_Backup/06_Jesse_Kaser/Email/jesse_kaser_mail_index_matches.xlsx
Drive/drive-download-20260420T163809Z-3-001.zip,Archiavellian/ARCHIAVELLIAN/01_north_star/two_project_model.md.docx,217958,Archiavellian-Archive/inbox/google-drive/2026-04/ingest-2026-04-20-net-new/Archiavellian/ARCHIAVELLIAN/01_north_star/two_project_model.md.docx
Drive/drive-download-20260420T163809Z-3-001.zip,Archiavellian/ARCHIAVELLIAN/01_north_star/title_strategy.md.docx,221745,Archiavellian-Archive/inbox/google-drive/2026-04/ingest-2026-04-20-net-new/Archiavellian/ARCHIAVELLIAN/01_north_star/title_strategy.md.docx
Drive/drive-download-20260420T163809Z-3-001.zip,Archiavellian/ARCHIAVELLIAN/01_north_star/central_question_framework.md.docx,221027,Archiavellian-Archive/inbox/google-drive/2026-04/ingest-2026-04-20-net-new/Archiavellian/ARCHIAVELLIAN/01_north_star/central_question_framework.md.docx
Drive/drive-download-20260420T163809Z-3-001.zip,Archiavellian/archive/Communication_Backup/03_Parents/Timeline/parents_thread_summary_filtered.xlsx,5586,Archiavellian-Archive/inbox/google-drive/2026-04/ingest-2026-04-20-net-new/Archiavellian/archive/Communication_Backup/03_Parents/Timeline/parents_thread_summary_filtered.xlsx
Drive/drive-download-20260420T163809Z-3-001.zip,Archiavellian/archive/Communication_Backup/08_Raelynn_Maloney/Export_Logs/raelynn_maloney_addressbook_extract.xlsx,4952,Archiavellian-Archive/inbox/google-drive/2026-04/ingest-2026-04-20-net-new/Archiavellian/archive/Communication_Backup/08_Raelynn_Maloney/Export_Logs/raelynn_maloney_addressbook_extract.xlsx
Drive/drive-download-20260420T163809Z-3-001.zip,Archiavellian/ARCHIAVELLIAN/01_north_star/archive_derived_scripted_nonfiction_format_memo_v1.md.docx,220386,Archiavellian-Archive/inbox/google-drive/2026-04/ingest-2026-04-20-net-new/Archiavellian/ARCHIAVELLIAN/01_north_star/archive_derived_scripted_nonfiction_format_memo_v1.md.docx
Drive/drive-download-20260420T163809Z-3-001.zip,Archiavellian/archive/Communication_Backup/03_Parents/Email/parents_correspondence_inventory_filtered.xlsx,6236,Archiavellian-Archive/inbox/google-drive/2026-04/ingest-2026-04-20-net-new/Archiavellian/archive/Communication_Backup/03_Parents/Email/parents_correspondence_inventory_filtered.xlsx
Drive/drive-download-20260420T163809Z-3-001.zip,Archiavellian/archive/Communication_Backup/08_Raelynn_Maloney/Messages/raelynn_maloney_messages_direct_thread.xlsx,71544,Archiavellian-Archive/inbox/google-drive/2026-04/ingest-2026-04-20-net-new/Archiavellian/archive/Communication_Backup/08_Raelynn_Maloney/Messages/raelynn_maloney_messages_direct_thread.xlsx
Drive/drive-download-20260420T163809Z-3-001.zip,Archiavellian/archive/Communication_Backup/08_Raelynn_Maloney/Messages/raelynn_maloney_aneumind_directors_thread.xlsx,225119,Archiavellian-Archive/inbox/google-drive/2026-04/ingest-2026-04-20-net-new/Archiavellian/archive/Communication_Backup/08_Raelynn_Maloney/Messages/raelynn_maloney_aneumind_directors_thread.xlsx
Drive/drive-download-20260420T163809Z-3-001.zip,Archiavellian/archive/Communication_Backup/03_Parents/Timeline/parents_timeline.xlsx,5442,Archiavellian-Archive/inbox/google-drive/2026-04/ingest-2026-04-20-net-new/Archiavellian/archive/Communication_Backup/03_Parents/Timeline/parents_timeline.xlsx
Drive/drive-download-20260420T163809Z-3-001.zip,3.0 Product Detail/Order Processing Diagram 2018-05-23.pdf,745642,Archiavellian-Archive/inbox/google-drive/2026-04/ingest-2026-04-20-net-new/3.0 Product Detail/Order Processing Diagram 2018-05-23.pdf
Drive/drive-download-20260420T163809Z-3-001.zip,Archiavellian/archive/Communication_Backup/05_Kids/Timeline/kids_thread_summary_filtered.xlsx,6278,Archiavellian-Archive/inbox/google-drive/2026-04/ingest-2026-04-20-net-new/Archiavellian/archive/Communication_Backup/05_Kids/Timeline/kids_thread_summary_filtered.xlsx
Drive/drive-download-20260420T163809Z-3-001.zip,Archiavellian/archive/Communication_Backup/00_Master_Index/timeline_template.xlsx,5159,Archiavellian-Archive/inbox/google-drive/2026-04/ingest-2026-04-20-net-new/Archiavellian/archive/Communication_Backup/00_Master_Index/timeline_template.xlsx
Drive/drive-download-20260420T163809Z-3-001.zip,20260316_counsel_packet_refresh/SBA_OBLIGATION_AND_DOCUMENT_GAP_MEMO.md.docx,219769,Archiavellian-Archive/inbox/google-drive/2026-04/ingest-2026-04-20-net-new/20260316_counsel_packet_refresh/SBA_OBLIGATION_AND_DOCUMENT_GAP_MEMO.md.docx
Drive/drive-download-20260420T163809Z-3-001.zip,Archiavellian/archive/Communication_Backup/00_Master_Index/duplicate_review_log.xlsx,5148,Archiavellian-Archive/inbox/google-drive/2026-04/ingest-2026-04-20-net-new/Archiavellian/archive/Communication_Backup/00_Master_Index/duplicate_review_log.xlsx
Drive/drive-download-20260420T163809Z-3-001.zip,Archiavellian/archive/Communication_Backup/00_Master_Index/social_map_graph.md.docx,7094,Archiavellian-Archive/inbox/google-drive/2026-04/ingest-2026-04-20-net-new/Archiavellian/archive/Communication_Backup/00_Master_Index/social_map_graph.md.docx
Drive/drive-download-20260420T163809Z-3-001.zip,Archiavellian/archive/Communication_Backup/05_Kids/Timeline/kids_timeline.xlsx,5535,Archiavellian-Archive/inbox/google-drive/2026-04/ingest-2026-04-20-net-new/Archiavellian/archive/Communication_Backup/05_Kids/Timeline/kids_timeline.xlsx
Drive/drive-download-20260420T163809Z-3-001.zip,20260316_counsel_packet_refresh/INTEGRATED_FINANCIAL_OVERVIEW_FOR_NEW_COUNSEL.md.docx,225928,Archiavellian-Archive/inbox/google-drive/2026-04/ingest-2026-04-20-net-new/20260316_counsel_packet_refresh/INTEGRATED_FINANCIAL_OVERVIEW_FOR_NEW_COUNSEL.md.docx
Drive/drive-download-20260420T163809Z-3-001.zip,Archiavellian/archive/Communication_Backup/00_Master_Index/apple_messages_target_chat_summary.xlsx,6040,Archiavellian-Archive/inbox/google-drive/2026-04/ingest-2026-04-20-net-new/Archiavellian/archive/Communication_Backup/00_Master_Index/apple_messages_target_chat_summary.xlsx
Drive/drive-download-20260420T163809Z-3-001.zip,Archiavellian/archive/Communication_Backup/00_Master_Index/master_index.xlsx,8473,Archiavellian-Archive/inbox/google-drive/2026-04/ingest-2026-04-20-net-new/Archiavellian/archive/Communication_Backup/00_Master_Index/master_index.xlsx
Drive/drive-download-20260420T163809Z-3-001.zip,Archiavellian/archive/Communication_Backup/00_Master_Index/person_identifier_map.xlsx,6755,Archiavellian-Archive/inbox/google-drive/2026-04/ingest-2026-04-20-net-new/Archiavellian/archive/Communication_Backup/00_Master_Index/person_identifier_map.xlsx
Drive/drive-download-20260420T163809Z-3-001.zip,Archiavellian/archive/Communication_Backup/00_Master_Index/contact_information_status_index.xlsx,6572,Archiavellian-Archive/inbox/google-drive/2026-04/ingest-2026-04-20-net-new/Archiavellian/archive/Communication_Backup/00_Master_Index/contact_information_status_index.xlsx
Drive/drive-download-20260420T163809Z-3-001.zip,20260316_counsel_packet_refresh/FOLDER_REORGANIZATION_PLAN.md.docx,217731,Archiavellian-Archive/inbox/google-drive/2026-04/ingest-2026-04-20-net-new/20260316_counsel_packet_refresh/FOLDER_REORGANIZATION_PLAN.md.docx
Drive/drive-download-20260420T163809Z-3-001.zip,20260316_counsel_packet_refresh/FINANCIAL_TIMELINE_FOR_COUNSEL.md.docx,219982,Archiavellian-Archive/inbox/google-drive/2026-04/ingest-2026-04-20-net-new/20260316_counsel_packet_refresh/FINANCIAL_TIMELINE_FOR_COUNSEL.md.docx
Drive/drive-download-20260420T163809Z-3-001.zip,20260316_counsel_packet_refresh/LARGE_TRANSACTION_EXPLANATION_SHEET.md.docx,217590,Archiavellian-Archive/inbox/google-drive/2026-04/ingest-2026-04-20-net-new/20260316_counsel_packet_refresh/LARGE_TRANSACTION_EXPLANATION_SHEET.md.docx
Drive/drive-download-20260420T163809Z-3-001.zip,20260316_counsel_packet_refresh/UPLOADS_NEEDED_PRIORITY_LIST.md.docx,220954,Archiavellian-Archive/inbox/google-drive/2026-04/ingest-2026-04-20-net-new/20260316_counsel_packet_refresh/UPLOADS_NEEDED_PRIORITY_LIST.md.docx
Drive/drive-download-20260420T163809Z-3-001.zip,20260316_counsel_packet_refresh/CASE_SUMMARY_FOR_COUNSEL.md.docx,217686,Archiavellian-Archive/inbox/google-drive/2026-04/ingest-2026-04-20-net-new/20260316_counsel_packet_refresh/CASE_SUMMARY_FOR_COUNSEL.md.docx
Drive/drive-download-20260420T163809Z-3-001.zip,Archiavellian/archive/Communication_Backup/00_Master_Index/social_map_contacts_10plus.xlsx,5432,Archiavellian-Archive/inbox/google-drive/2026-04/ingest-2026-04-20-net-new/Archiavellian/archive/Communication_Backup/00_Master_Index/social_map_contacts_10plus.xlsx
Drive/drive-download-20260420T163809Z-3-001.zip,20260316_counsel_packet_refresh/TRUSTEE_QUESTION_PREP.md.docx,217883,Archiavellian-Archive/inbox/google-drive/2026-04/ingest-2026-04-20-net-new/20260316_counsel_packet_refresh/TRUSTEE_QUESTION_PREP.md.docx
Drive/drive-download-20260420T163809Z-3-001.zip,20260316_counsel_packet_refresh/MAY_2024_WIRE_AND_DEBIT_MEMO_ANALYSIS.md.docx,223397,Archiavellian-Archive/inbox/google-drive/2026-04/ingest-2026-04-20-net-new/20260316_counsel_packet_refresh/MAY_2024_WIRE_AND_DEBIT_MEMO_ANALYSIS.md.docx
Drive/drive-download-20260420T163809Z-3-001.zip,20260316_counsel_packet_refresh/BUSINESS_ENTITY_AND_RELATIONSHIP_MAP.md.docx,218141,Archiavellian-Archive/inbox/google-drive/2026-04/ingest-2026-04-20-net-new/20260316_counsel_packet_refresh/BUSINESS_ENTITY_AND_RELATIONSHIP_MAP.md.docx
Drive/drive-download-20260420T163809Z-3-001.zip,20260316_counsel_packet_refresh/README_ATTORNEY_PACKET.md.docx,216952,Archiavellian-Archive/inbox/google-drive/2026-04/ingest-2026-04-20-net-new/20260316_counsel_packet_refresh/README_ATTORNEY_PACKET.md.docx
Drive/drive-download-20260420T163809Z-3-001.zip,20260316_counsel_packet_refresh/BUSINESS_RELATIONSHIP_AND_FUNDS_FLOW_MAP.md.docx,220357,Archiavellian-Archive/inbox/google-drive/2026-04/ingest-2026-04-20-net-new/20260316_counsel_packet_refresh/BUSINESS_RELATIONSHIP_AND_FUNDS_FLOW_MAP.md.docx
Drive/drive-download-20260420T163809Z-3-001.zip,20260316_counsel_packet_refresh/CODEx_COMPLETION_REPORT.md.docx,218518,Archiavellian-Archive/inbox/google-drive/2026-04/ingest-2026-04-20-net-new/20260316_counsel_packet_refresh/CODEx_COMPLETION_REPORT.md.docx
Drive/drive-download-20260420T163809Z-3-001.zip,"Resume Builder/Resume/Stock, Melissa - Resume 03.26.26.docx",14645,"Archiavellian-Archive/inbox/google-drive/2026-04/ingest-2026-04-20-net-new/Resume Builder/Resume/Stock, Melissa - Resume 03.26.26.docx"
Drive/drive-download-20260420T163809Z-3-001.zip,20260316_counsel_packet_refresh/EXECUTIVE_SUMMARY_BANKRUPTCY_NARRATIVE.md.docx,221267,Archiavellian-Archive/inbox/google-drive/2026-04/ingest-2026-04-20-net-new/20260316_counsel_packet_refresh/EXECUTIVE_SUMMARY_BANKRUPTCY_NARRATIVE.md.docx
Drive/drive-download-20260420T163809Z-3-001.zip,Archiavellian/archive/Communication_Backup/06_Jesse_Kaser/Timeline/jesse_kaser_timeline.xlsx,5759,Archiavellian-Archive/inbox/google-drive/2026-04/ingest-2026-04-20-net-new/Archiavellian/archive/Communication_Backup/06_Jesse_Kaser/Timeline/jesse_kaser_timeline.xlsx
Drive/drive-download-20260420T163809Z-3-001.zip,Resume Builder/Resume/melissa-stock-apple-one-page-resume-2026-03-26.md.docx,10059,Archiavellian-Archive/inbox/google-drive/2026-04/ingest-2026-04-20-net-new/Resume Builder/Resume/melissa-stock-apple-one-page-resume-2026-03-26.md.docx
Drive/drive-download-20260420T163809Z-3-001.zip,Resume Builder/Resume/melissa-stock-comprehensive-resume-draft-2026-03-26.md.docx,221008,Archiavellian-Archive/inbox/google-drive/2026-04/ingest-2026-04-20-net-new/Resume Builder/Resume/melissa-stock-comprehensive-resume-draft-2026-03-26.md.docx
Drive/drive-download-20260420T163809Z-3-001.zip,Resume Builder/Resume/apple-resume-clean-sweep-findings-2026-03-26.md.docx,10769,Archiavellian-Archive/inbox/google-drive/2026-04/ingest-2026-04-20-net-new/Resume Builder/Resume/apple-resume-clean-sweep-findings-2026-03-26.md.docx
Drive/drive-download-20260420T163809Z-3-001.zip,Resume Builder/Resume/melissa-stock-resume-fact-check-2026-03-26.md.docx,8346,Archiavellian-Archive/inbox/google-drive/2026-04/ingest-2026-04-20-net-new/Resume Builder/Resume/melissa-stock-resume-fact-check-2026-03-26.md.docx
Drive/drive-download-20260420T163809Z-3-001.zip,Archiavellian/ARCHIAVELLIAN/02_story/story_alignment_audit.md.docx,222576,Archiavellian-Archive/inbox/google-drive/2026-04/ingest-2026-04-20-net-new/Archiavellian/ARCHIAVELLIAN/02_story/story_alignment_audit.md.docx
Drive/drive-download-20260420T163809Z-3-001.zip,Business Breakup/00D_Taylor_Facing_Business_Separation_Packet_Formatted.docx,14184,Archiavellian-Archive/inbox/google-drive/2026-04/ingest-2026-04-20-net-new/Business Breakup/00D_Taylor_Facing_Business_Separation_Packet_Formatted.docx
Drive/drive-download-20260420T163809Z-3-001.zip,Archiavellian/ARCHIAVELLIAN/02_story/Archiavellian_Story_Document_Readthrough_v1.md.docx,222616,Archiavellian-Archive/inbox/google-drive/2026-04/ingest-2026-04-20-net-new/Archiavellian/ARCHIAVELLIAN/02_story/Archiavellian_Story_Document_Readthrough_v1.md.docx
Drive/drive-download-20260420T163809Z-3-001.zip,Archiavellian/ARCHIAVELLIAN/02_story/sequential_story_flow.md.docx,219675,Archiavellian-Archive/inbox/google-drive/2026-04/ingest-2026-04-20-net-new/Archiavellian/ARCHIAVELLIAN/02_story/sequential_story_flow.md.docx
Drive/drive-download-20260420T163809Z-3-001.zip,Archiavellian/ARCHIAVELLIAN/02_story/series_synopsis.md.docx,217986,Archiavellian-Archive/inbox/google-drive/2026-04/ingest-2026-04-20-net-new/Archiavellian/ARCHIAVELLIAN/02_story/series_synopsis.md.docx
Drive/drive-download-20260420T163809Z-3-001.zip,Archiavellian/ARCHIAVELLIAN/02_story/dimensional_storytelling_guide_v1.md.docx,221821,Archiavellian-Archive/inbox/google-drive/2026-04/ingest-2026-04-20-net-new/Archiavellian/ARCHIAVELLIAN/02_story/dimensional_storytelling_guide_v1.md.docx
Drive/drive-download-20260420T163809Z-3-001.zip,Business Breakup/00F_Taylor_Facing_Financial_Summary_One_Page.md.docx,216660,Archiavellian-Archive/inbox/google-drive/2026-04/ingest-2026-04-20-net-new/Business Breakup/00F_Taylor_Facing_Financial_Summary_One_Page.md.docx
Drive/drive-download-20260420T163809Z-3-001.zip,Archiavellian/ARCHIAVELLIAN/02_story/actors_and_environments.md.docx,228687,Archiavellian-Archive/inbox/google-drive/2026-04/ingest-2026-04-20-net-new/Archiavellian/ARCHIAVELLIAN/02_story/actors_and_environments.md.docx
Drive/drive-download-20260420T163809Z-3-001.zip,Archiavellian/ARCHIAVELLIAN/02_story/wayne_case_file_findings.md.docx,222736,Archiavellian-Archive/inbox/google-drive/2026-04/ingest-2026-04-20-net-new/Archiavellian/ARCHIAVELLIAN/02_story/wayne_case_file_findings.md.docx
Drive/drive-download-20260420T163809Z-3-001.zip,Business Breakup/README_UPLOAD_MANIFEST.md.docx,218092,Archiavellian-Archive/inbox/google-drive/2026-04/ingest-2026-04-20-net-new/Business Breakup/README_UPLOAD_MANIFEST.md.docx
Drive/drive-download-20260420T163809Z-3-001.zip,Resume Builder/Resume/how-this-resume-was-built-2026-03-26.md.docx,8922,Archiavellian-Archive/inbox/google-drive/2026-04/ingest-2026-04-20-net-new/Resume Builder/Resume/how-this-resume-was-built-2026-03-26.md.docx
Drive/drive-download-20260420T163809Z-3-001.zip,Business Breakup/00E_Taylor_Facing_Financial_Summary_One_Page.docx,9458,Archiavellian-Archive/inbox/google-drive/2026-04/ingest-2026-04-20-net-new/Business Breakup/00E_Taylor_Facing_Financial_Summary_One_Page.docx
Drive/drive-download-20260420T163809Z-3-001.zip,Archiavellian/ARCHIAVELLIAN/02_story/voice_map.md.docx,221904,Archiavellian-Archive/inbox/google-drive/2026-04/ingest-2026-04-20-net-new/Archiavellian/ARCHIAVELLIAN/02_story/voice_map.md.docx
Drive/drive-download-20260420T163809Z-3-001.zip,Archiavellian/ARCHIAVELLIAN/02_story/wayne_character_tone_map.md.docx,10464,Archiavellian-Archive/inbox/google-drive/2026-04/ingest-2026-04-20-net-new/Archiavellian/ARCHIAVELLIAN/02_story/wayne_character_tone_map.md.docx
Drive/drive-download-20260420T163809Z-3-001.zip,Business Breakup/04_Melissa_Contribution_Distribution_Loan_Schedule.md.docx,218924,Archiavellian-Archive/inbox/google-drive/2026-04/ingest-2026-04-20-net-new/Business Breakup/04_Melissa_Contribution_Distribution_Loan_Schedule.md.docx
Drive/drive-download-20260420T163809Z-3-001.zip,Archiavellian/ARCHIAVELLIAN/02_story/cinematic_scene_list.md.docx,222730,Archiavellian-Archive/inbox/google-drive/2026-04/ingest-2026-04-20-net-new/Archiavellian/ARCHIAVELLIAN/02_story/cinematic_scene_list.md.docx
Drive/drive-download-20260420T163809Z-3-001.zip,Business Breakup/09_Aneumind_Transition_Step_by_Step.md.docx,219730,Archiavellian-Archive/inbox/google-drive/2026-04/ingest-2026-04-20-net-new/Business Breakup/09_Aneumind_Transition_Step_by_Step.md.docx
Drive/drive-download-20260420T163809Z-3-001.zip,Archiavellian/archive/reports/drive_dedupe_reports/20260319T013151Z_photo_likely_duplicate_review.xlsx,137895,Archiavellian-Archive/inbox/google-drive/2026-04/ingest-2026-04-20-net-new/Archiavellian/archive/reports/drive_dedupe_reports/20260319T013151Z_photo_likely_duplicate_review.xlsx
Drive/drive-download-20260420T163809Z-3-001.zip,Archiavellian/archive/reports/drive_dedupe_reports/20260319T013636Z_phone_cleanup_shortlist.xlsx,8675,Archiavellian-Archive/inbox/google-drive/2026-04/ingest-2026-04-20-net-new/Archiavellian/archive/reports/drive_dedupe_reports/20260319T013636Z_phone_cleanup_shortlist.xlsx
Drive/drive-download-20260420T163809Z-3-001.zip,Archiavellian/archive/reports/drive_dedupe_reports/20260319T005211Z_likely_duplicate_review.xlsx,226931,Archiavellian-Archive/inbox/google-drive/2026-04/ingest-2026-04-20-net-new/Archiavellian/archive/reports/drive_dedupe_reports/20260319T005211Z_likely_duplicate_review.xlsx
Drive/drive-download-20260420T163809Z-3-001.zip,Archiavellian/archive/reports/drive_dedupe_reports/20260319T013211Z_multisource_likely_duplicate_review.xlsx,191448,Archiavellian-Archive/inbox/google-drive/2026-04/ingest-2026-04-20-net-new/Archiavellian/archive/reports/drive_dedupe_reports/20260319T013211Z_multisource_likely_duplicate_review.xlsx
Drive/drive-download-20260420T163809Z-3-001.zip,Archiavellian/archive/reports/drive_dedupe_reports/20260319T013211Z_photo_exact_duplicate_plan.xlsx,55956,Archiavellian-Archive/inbox/google-drive/2026-04/ingest-2026-04-20-net-new/Archiavellian/archive/reports/drive_dedupe_reports/20260319T013211Z_photo_exact_duplicate_plan.xlsx
Drive/drive-download-20260420T163809Z-3-001.zip,Archiavellian/archive/reports/drive_dedupe_reports/20260319T013211Z_photo_likely_duplicate_review.xlsx,30715,Archiavellian-Archive/inbox/google-drive/2026-04/ingest-2026-04-20-net-new/Archiavellian/archive/reports/drive_dedupe_reports/20260319T013211Z_photo_likely_duplicate_review.xlsx
Drive/drive-download-20260420T163809Z-3-001.zip,Archiavellian/archive/reports/drive_dedupe_reports/20260319T013520Z_multisource_likely_duplicate_review.xlsx,191448,Archiavellian-Archive/inbox/google-drive/2026-04/ingest-2026-04-20-net-new/Archiavellian/archive/reports/drive_dedupe_reports/20260319T013520Z_multisource_likely_duplicate_review.xlsx
Drive/drive-download-20260420T163809Z-3-001.zip,Archiavellian/archive/reports/drive_dedupe_reports/20260319T013520Z_photo_likely_duplicate_review.xlsx,30716,Archiavellian-Archive/inbox/google-drive/2026-04/ingest-2026-04-20-net-new/Archiavellian/archive/reports/drive_dedupe_reports/20260319T013520Z_photo_likely_duplicate_review.xlsx
Drive/drive-download-20260420T163809Z-3-001.zip,Archiavellian/archive/reports/drive_dedupe_reports/20260319T013211Z_multisource_exact_duplicate_plan.xlsx,312268,Archiavellian-Archive/inbox/google-drive/2026-04/ingest-2026-04-20-net-new/Archiavellian/archive/reports/drive_dedupe_reports/20260319T013211Z_multisource_exact_duplicate_plan.xlsx
Drive/drive-download-20260420T163809Z-3-001.zip,Archiavellian/archive/reports/drive_dedupe_reports/20260319T005211Z_exact_duplicate_plan.xlsx,761791,Archiavellian-Archive/inbox/google-drive/2026-04/ingest-2026-04-20-net-new/Archiavellian/archive/reports/drive_dedupe_reports/20260319T005211Z_exact_duplicate_plan.xlsx
Drive/drive-download-20260420T163809Z-3-001.zip,Archiavellian/archive/reports/drive_dedupe_reports/20260319T013151Z_multisource_likely_duplicate_review.xlsx,874932,Archiavellian-Archive/inbox/google-drive/2026-04/ingest-2026-04-20-net-new/Archiavellian/archive/reports/drive_dedupe_reports/20260319T013151Z_multisource_likely_duplicate_review.xlsx
Drive/drive-download-20260420T163809Z-3-001.zip,Archiavellian/archive/reports/drive_dedupe_reports/20260319T013151Z_multisource_inventory.xlsx,2127012,Archiavellian-Archive/inbox/google-drive/2026-04/ingest-2026-04-20-net-new/Archiavellian/archive/reports/drive_dedupe_reports/20260319T013151Z_multisource_inventory.xlsx
Drive/drive-download-20260420T163809Z-3-001.zip,Archiavellian/archive/reports/drive_dedupe_reports/20260319T013520Z_photo_inventory.xlsx,853085,Archiavellian-Archive/inbox/google-drive/2026-04/ingest-2026-04-20-net-new/Archiavellian/archive/reports/drive_dedupe_reports/20260319T013520Z_photo_inventory.xlsx
Drive/drive-download-20260420T163809Z-3-001.zip,Archiavellian/archive/reports/drive_dedupe_reports/20260319T013151Z_photo_inventory.xlsx,876590,Archiavellian-Archive/inbox/google-drive/2026-04/ingest-2026-04-20-net-new/Archiavellian/archive/reports/drive_dedupe_reports/20260319T013151Z_photo_inventory.xlsx
Drive/drive-download-20260420T163809Z-3-001.zip,Archiavellian/archive/reports/drive_dedupe_reports/20260319T013520Z_multisource_exact_duplicate_plan.xlsx,312770,Archiavellian-Archive/inbox/google-drive/2026-04/ingest-2026-04-20-net-new/Archiavellian/archive/reports/drive_dedupe_reports/20260319T013520Z_multisource_exact_duplicate_plan.xlsx
Drive/drive-download-20260420T163809Z-3-001.zip,Archiavellian/archive/reports/drive_dedupe_reports/20260319T013211Z_photo_inventory.xlsx,819619,Archiavellian-Archive/inbox/google-drive/2026-04/ingest-2026-04-20-net-new/Archiavellian/archive/reports/drive_dedupe_reports/20260319T013211Z_photo_inventory.xlsx
Drive/drive-download-20260420T163809Z-3-001.zip,Archiavellian/archive/reports/drive_dedupe_reports/20260319T013636Z_phone_cleanup_shortlist.md.docx,8048,Archiavellian-Archive/inbox/google-drive/2026-04/ingest-2026-04-20-net-new/Archiavellian/archive/reports/drive_dedupe_reports/20260319T013636Z_phone_cleanup_shortlist.md.docx
Drive/drive-download-20260420T163809Z-3-001.zip,Archiavellian/ARCHIAVELLIAN/02_story/supporting_story_lanes_beat_sheet.md.docx,13828,Archiavellian-Archive/inbox/google-drive/2026-04/ingest-2026-04-20-net-new/Archiavellian/ARCHIAVELLIAN/02_story/supporting_story_lanes_beat_sheet.md.docx
Drive/drive-download-20260420T163809Z-3-001.zip,Maybe Comcast/Disney BAMTech - What does it mean(1).docx,22226,Archiavellian-Archive/inbox/google-drive/2026-04/ingest-2026-04-20-net-new/Maybe Comcast/Disney BAMTech - What does it mean(1).docx
Drive/drive-download-20260420T163809Z-3-001.zip,Archiavellian/archive/operations/duplicate_review_worksheet_template.xlsx,6219,Archiavellian-Archive/inbox/google-drive/2026-04/ingest-2026-04-20-net-new/Archiavellian/archive/operations/duplicate_review_worksheet_template.xlsx
Drive/drive-download-20260420T163809Z-3-002.zip,1.0 Strategy/Industry Best Practices.docx,942805,Archiavellian-Archive/inbox/google-drive/2026-04/ingest-2026-04-20-net-new/1.0 Strategy/Industry Best Practices.docx
Drive/drive-download-20260420T163809Z-3-002.zip,Archiavellian/archive/reports/drive_dedupe_reports/20260319T013520Z_photo_exact_duplicate_plan.xlsx,56446,Archiavellian-Archive/inbox/google-drive/2026-04/ingest-2026-04-20-net-new/Archiavellian/archive/reports/drive_dedupe_reports/20260319T013520Z_photo_exact_duplicate_plan.xlsx
Drive/drive-download-20260420T163809Z-3-002.zip,Archiavellian/archive/reports/drive_dedupe_reports/20260319T005211Z_drive_inventory.xlsx,1563191,Archiavellian-Archive/inbox/google-drive/2026-04/ingest-2026-04-20-net-new/Archiavellian/archive/reports/drive_dedupe_reports/20260319T005211Z_drive_inventory.xlsx
Drive/drive-download-20260420T163809Z-3-002.zip,Business Breakup/01_Business_Separation_Proposal_Letter.md.docx,218146,Archiavellian-Archive/inbox/google-drive/2026-04/ingest-2026-04-20-net-new/Business Breakup/01_Business_Separation_Proposal_Letter.md.docx
Drive/drive-download-20260420T163809Z-3-002.zip,Archiavellian/ARCHIAVELLIAN/02_story/topic_and_character_map.md.docx,225550,Archiavellian-Archive/inbox/google-drive/2026-04/ingest-2026-04-20-net-new/Archiavellian/ARCHIAVELLIAN/02_story/topic_and_character_map.md.docx
Drive/drive-download-20260420T163809Z-3-002.zip,Archiavellian/archive/Communication_Backup/06_Jesse_Kaser/Timeline/jesse_relevant_correspondence_log_filtered.xlsx,47178,Archiavellian-Archive/inbox/google-drive/2026-04/ingest-2026-04-20-net-new/Archiavellian/archive/Communication_Backup/06_Jesse_Kaser/Timeline/jesse_relevant_correspondence_log_filtered.xlsx
Drive/drive-download-20260420T163809Z-3-002.zip,Business Breakup/03_Breakup_Schedule_Exhibit_A.md.docx,217482,Archiavellian-Archive/inbox/google-drive/2026-04/ingest-2026-04-20-net-new/Business Breakup/03_Breakup_Schedule_Exhibit_A.md.docx
Drive/drive-download-20260420T163809Z-3-002.zip,"Maybe Comcast/Stock, Melissa - Resume 1.30.18.pdf",127069,"Archiavellian-Archive/inbox/google-drive/2026-04/ingest-2026-04-20-net-new/Maybe Comcast/Stock, Melissa - Resume 1.30.18.pdf"
Drive/drive-download-20260420T163809Z-3-002.zip,"Maybe Comcast/Stock, Melissa - Resume 1.25.18.docx",34099,"Archiavellian-Archive/inbox/google-drive/2026-04/ingest-2026-04-20-net-new/Maybe Comcast/Stock, Melissa - Resume 1.25.18.docx"
Drive/drive-download-20260420T163809Z-3-002.zip,Maybe Comcast/Disney BAMTech - What does it mean.docx,22226,Archiavellian-Archive/inbox/google-drive/2026-04/ingest-2026-04-20-net-new/Maybe Comcast/Disney BAMTech - What does it mean.docx
Drive/drive-download-20260420T163809Z-3-002.zip,Maybe Comcast/Jan P (1).pdf,57248,Archiavellian-Archive/inbox/google-drive/2026-04/ingest-2026-04-20-net-new/Maybe Comcast/Jan P (1).pdf
Drive/drive-download-20260420T163809Z-3-002.zip,"Maybe Comcast/Stock, Melissa, 3-17 Resume(1).pdf",270475,"Archiavellian-Archive/inbox/google-drive/2026-04/ingest-2026-04-20-net-new/Maybe Comcast/Stock, Melissa, 3-17 Resume(1).pdf"
Drive/drive-download-20260420T163809Z-3-002.zip,Maybe Comcast/Competitive Landcape Example.pdf,793475,Archiavellian-Archive/inbox/google-drive/2026-04/ingest-2026-04-20-net-new/Maybe Comcast/Competitive Landcape Example.pdf
Drive/drive-download-20260420T163809Z-3-002.zip,"Maybe Comcast/Stock, Melissa - Resume 2017(1).pdf",271024,"Archiavellian-Archive/inbox/google-drive/2026-04/ingest-2026-04-20-net-new/Maybe Comcast/Stock, Melissa - Resume 2017(1).pdf"
Drive/drive-download-20260420T163809Z-3-002.zip,Maybe Comcast/Understanding Churn - OTT Services(1).pdf,748594,Archiavellian-Archive/inbox/google-drive/2026-04/ingest-2026-04-20-net-new/Maybe Comcast/Understanding Churn - OTT Services(1).pdf
Drive/drive-download-20260420T163809Z-3-002.zip,Maybe Comcast/FreeWheel-Video-Monetization-Report-Q1-2018.pdf,1497469,Archiavellian-Archive/inbox/google-drive/2026-04/ingest-2026-04-20-net-new/Maybe Comcast/FreeWheel-Video-Monetization-Report-Q1-2018.pdf
Drive/drive-download-20260420T163809Z-3-002.zip,Maybe Comcast/Understanding Churn - OTT Services.pdf,748594,Archiavellian-Archive/inbox/google-drive/2026-04/ingest-2026-04-20-net-new/Maybe Comcast/Understanding Churn - OTT Services.pdf
Drive/drive-download-20260420T163809Z-3-002.zip,"Maybe Comcast/Stock, Melissa - Resume(1).docx",27134,"Archiavellian-Archive/inbox/google-drive/2026-04/ingest-2026-04-20-net-new/Maybe Comcast/Stock, Melissa - Resume(1).docx"
Drive/drive-download-20260420T163809Z-3-002.zip,Maybe Comcast/M&A Incubation Process.pptx,1477896,Archiavellian-Archive/inbox/google-drive/2026-04/ingest-2026-04-20-net-new/Maybe Comcast/M&A Incubation Process.pptx
Drive/drive-download-20260420T163809Z-3-002.zip,Maybe Comcast/Media Transformation - FINAL(1).pptx,4697532,Archiavellian-Archive/inbox/google-drive/2026-04/ingest-2026-04-20-net-new/Maybe Comcast/Media Transformation - FINAL(1).pptx
Drive/drive-download-20260420T163809Z-3-002.zip,Maybe Comcast/Advertising Landscape - September MJS edits(2).pptx,9605142,Archiavellian-Archive/inbox/google-drive/2026-04/ingest-2026-04-20-net-new/Maybe Comcast/Advertising Landscape - September MJS edits(2).pptx
Drive/drive-download-20260420T163809Z-3-002.zip,Maybe Comcast/CTS Smart Home Market Overview (1).pptx,1233323,Archiavellian-Archive/inbox/google-drive/2026-04/ingest-2026-04-20-net-new/Maybe Comcast/CTS Smart Home Market Overview (1).pptx
Drive/drive-download-20260420T163809Z-3-002.zip,Maybe Comcast/Incubation Workflow v4.pptx,2731583,Archiavellian-Archive/inbox/google-drive/2026-04/ingest-2026-04-20-net-new/Maybe Comcast/Incubation Workflow v4.pptx
Drive/drive-download-20260420T163809Z-3-002.zip,Maybe Comcast/Bank statements 24-25-20260309T201637Z-1-001.zip,4503577,Archiavellian-Archive/inbox/google-drive/2026-04/ingest-2026-04-20-net-new/Maybe Comcast/Bank statements 24-25-20260309T201637Z-1-001.zip
Drive/drive-download-20260420T163809Z-3-002.zip,Maybe Comcast/Media Transformation - FINAL.pptx,4697532,Archiavellian-Archive/inbox/google-drive/2026-04/ingest-2026-04-20-net-new/Maybe Comcast/Media Transformation - FINAL.pptx
Drive/drive-download-20260420T163809Z-3-002.zip,Divorce/investigator_handoff_index_20260412.md.docx,223814,Archiavellian-Archive/inbox/google-drive/2026-04/ingest-2026-04-20-net-new/Divorce/investigator_handoff_index_20260412.md.docx
Drive/drive-download-20260420T163809Z-3-002.zip,Maybe Comcast/contacts(1).xlsx,113217,Archiavellian-Archive/inbox/google-drive/2026-04/ingest-2026-04-20-net-new/Maybe Comcast/contacts(1).xlsx
Drive/drive-download-20260420T163809Z-3-002.zip,Divorce/litigation_safe_handoff_2026-04-10.md.docx,238628,Archiavellian-Archive/inbox/google-drive/2026-04/ingest-2026-04-20-net-new/Divorce/litigation_safe_handoff_2026-04-10.md.docx
Drive/drive-download-20260420T163809Z-3-002.zip,Divorce/text_screenshot_search_report_20260412.md.docx,222421,Archiavellian-Archive/inbox/google-drive/2026-04/ingest-2026-04-20-net-new/Divorce/text_screenshot_search_report_20260412.md.docx
Drive/drive-download-20260420T163809Z-3-002.zip,Divorce/jesse_to_melissa_communication_register_20230213_20260131.xlsx,11099,Archiavellian-Archive/inbox/google-drive/2026-04/ingest-2026-04-20-net-new/Divorce/jesse_to_melissa_communication_register_20230213_20260131.xlsx
Drive/drive-download-20260420T163809Z-3-002.zip,Divorce/forensic_timeline_evidence_map_23DR30686.md.docx,225794,Archiavellian-Archive/inbox/google-drive/2026-04/ingest-2026-04-20-net-new/Divorce/forensic_timeline_evidence_map_23DR30686.md.docx
Drive/drive-download-20260420T163809Z-3-002.zip,Divorce/investigator3_sba_use_report_2026-04-12.md.docx,223429,Archiavellian-Archive/inbox/google-drive/2026-04/ingest-2026-04-20-net-new/Divorce/investigator3_sba_use_report_2026-04-12.md.docx
Drive/drive-download-20260420T163809Z-3-002.zip,Divorce/investigator_1_family_loan_report_20260412.md.docx,224404,Archiavellian-Archive/inbox/google-drive/2026-04/ingest-2026-04-20-net-new/Divorce/investigator_1_family_loan_report_20260412.md.docx
Drive/drive-download-20260420T163809Z-3-002.zip,Divorce/damages_roadmap_23DR30686.md.docx,222281,Archiavellian-Archive/inbox/google-drive/2026-04/ingest-2026-04-20-net-new/Divorce/damages_roadmap_23DR30686.md.docx
Drive/drive-download-20260420T163809Z-3-002.zip,Divorce/master_handoff_2026-04-12.md.docx,230793,Archiavellian-Archive/inbox/google-drive/2026-04/ingest-2026-04-20-net-new/Divorce/master_handoff_2026-04-12.md.docx
Drive/drive-download-20260420T163809Z-3-002.zip,Maybe Comcast/Competitive Landcape Example(1).pdf,793475,Archiavellian-Archive/inbox/google-drive/2026-04/ingest-2026-04-20-net-new/Maybe Comcast/Competitive Landcape Example(1).pdf
Drive/drive-download-20260420T163809Z-3-002.zip,Divorce/docket_investigator_report_20260412.md.docx,223792,Archiavellian-Archive/inbox/google-drive/2026-04/ingest-2026-04-20-net-new/Divorce/docket_investigator_report_20260412.md.docx
Drive/drive-download-20260420T163809Z-3-002.zip,Divorce/investigator2_1590_servicing_closing_report_20260412.md.docx,221407,Archiavellian-Archive/inbox/google-drive/2026-04/ingest-2026-04-20-net-new/Divorce/investigator2_1590_servicing_closing_report_20260412.md.docx
Drive/drive-download-20260420T163809Z-3-002.zip,Divorce/remaining_overstatement_risks_before_filing.md.docx,218332,Archiavellian-Archive/inbox/google-drive/2026-04/ingest-2026-04-20-net-new/Divorce/remaining_overstatement_risks_before_filing.md.docx
Drive/drive-download-20260420T163809Z-3-002.zip,Divorce/jesse_to_melissa_communication_collection_report_20260412.md.docx,222542,Archiavellian-Archive/inbox/google-drive/2026-04/ingest-2026-04-20-net-new/Divorce/jesse_to_melissa_communication_collection_report_20260412.md.docx
Drive/drive-download-20260420T163809Z-3-002.zip,Divorce/draft_motion_for_contempt_and_enforcement_23DR30686_v2_20260412.md.docx,22379,Archiavellian-Archive/inbox/google-drive/2026-04/ingest-2026-04-20-net-new/Divorce/draft_motion_for_contempt_and_enforcement_23DR30686_v2_20260412.md.docx
Drive/drive-download-20260420T163809Z-3-002.zip,Divorce/sba_evidence_investigator_report_20260412.md.docx,225566,Archiavellian-Archive/inbox/google-drive/2026-04/ingest-2026-04-20-net-new/Divorce/sba_evidence_investigator_report_20260412.md.docx
Drive/drive-download-20260420T163809Z-3-002.zip,Divorce/integrated_case_theory_map_20260412.md.docx,226543,Archiavellian-Archive/inbox/google-drive/2026-04/ingest-2026-04-20-net-new/Divorce/integrated_case_theory_map_20260412.md.docx
Drive/drive-download-20260420T163809Z-3-002.zip,Divorce/petitioners_damages_ledger_23DR30686.md.docx,228689,Archiavellian-Archive/inbox/google-drive/2026-04/ingest-2026-04-20-net-new/Divorce/petitioners_damages_ledger_23DR30686.md.docx
Drive/drive-download-20260420T163809Z-3-002.zip,Maybe Comcast/20260319T013211Z_multisource_inventory.xlsx,1726545,Archiavellian-Archive/inbox/google-drive/2026-04/ingest-2026-04-20-net-new/Maybe Comcast/20260319T013211Z_multisource_inventory.xlsx
Drive/drive-download-20260420T163809Z-3-002.zip,Archiavellian/archive/operations/communication_backup_app_procedures.md.docx,222805,Archiavellian-Archive/inbox/google-drive/2026-04/ingest-2026-04-20-net-new/Archiavellian/archive/operations/communication_backup_app_procedures.md.docx
Drive/drive-download-20260420T163809Z-3-002.zip,Divorce/forensic_investigation_summary_20260412.md.docx,221065,Archiavellian-Archive/inbox/google-drive/2026-04/ingest-2026-04-20-net-new/Divorce/forensic_investigation_summary_20260412.md.docx
Drive/drive-download-20260420T163809Z-3-002.zip,Archiavellian/archive/operations/drive_migration_cleanup_plan.md.docx,220319,Archiavellian-Archive/inbox/google-drive/2026-04/ingest-2026-04-20-net-new/Archiavellian/archive/operations/drive_migration_cleanup_plan.md.docx
Drive/drive-download-20260420T163809Z-3-002.zip,Archiavellian/archive/operations/drive_folder_blueprint.md.docx,220255,Archiavellian-Archive/inbox/google-drive/2026-04/ingest-2026-04-20-net-new/Archiavellian/archive/operations/drive_folder_blueprint.md.docx
Drive/drive-download-20260420T163809Z-3-002.zip,Divorce/investigation_team_plan_23DR30686.md.docx,220253,Archiavellian-Archive/inbox/google-drive/2026-04/ingest-2026-04-20-net-new/Divorce/investigation_team_plan_23DR30686.md.docx
Drive/drive-download-20260420T163809Z-3-002.zip,Archiavellian/ARCHIAVELLIAN/02_story/new_life_blueprint.md.docx,223271,Archiavellian-Archive/inbox/google-drive/2026-04/ingest-2026-04-20-net-new/Archiavellian/ARCHIAVELLIAN/02_story/new_life_blueprint.md.docx
Drive/drive-download-20260420T163809Z-3-002.zip,Maybe Comcast/Advertising Landscape - September MJS edits.pptx,9581464,Archiavellian-Archive/inbox/google-drive/2026-04/ingest-2026-04-20-net-new/Maybe Comcast/Advertising Landscape - September MJS edits.pptx
Drive/drive-download-20260420T163809Z-3-002.zip,Maybe Comcast/Bankruptcy-20260310T225047Z-1-001.zip,15990698,Archiavellian-Archive/inbox/google-drive/2026-04/ingest-2026-04-20-net-new/Maybe Comcast/Bankruptcy-20260310T225047Z-1-001.zip
Drive/drive-download-20260420T163809Z-3-002.zip,Archiavellian/archive/reports/drive_dedupe_reports/20260319T013151Z_photo_exact_duplicate_plan.xlsx,135465,Archiavellian-Archive/inbox/google-drive/2026-04/ingest-2026-04-20-net-new/Archiavellian/archive/reports/drive_dedupe_reports/20260319T013151Z_photo_exact_duplicate_plan.xlsx
Drive/drive-download-20260420T163809Z-3-002.zip,Business Breakup/10_SimplePractice_Transition_Checklist.md.docx,11097,Archiavellian-Archive/inbox/google-drive/2026-04/ingest-2026-04-20-net-new/Business Breakup/10_SimplePractice_Transition_Checklist.md.docx
Drive/drive-download-20260420T163809Z-3-002.zip,Maybe Comcast/Bankruptcy-20260310T011114Z-1-001.zip,16555615,Archiavellian-Archive/inbox/google-drive/2026-04/ingest-2026-04-20-net-new/Maybe Comcast/Bankruptcy-20260310T011114Z-1-001.zip
Drive/drive-download-20260420T163809Z-3-002.zip,Archiavellian/archive/Communication_Backup/06_Jesse_Kaser/Timeline/jesse_financial_disclosure_timeline.xlsx,6474,Archiavellian-Archive/inbox/google-drive/2026-04/ingest-2026-04-20-net-new/Archiavellian/archive/Communication_Backup/06_Jesse_Kaser/Timeline/jesse_financial_disclosure_timeline.xlsx
Drive/drive-download-20260420T163809Z-3-002.zip,Archiavellian/archive/operations/communication_backup_same_day_plan.md.docx,219800,Archiavellian-Archive/inbox/google-drive/2026-04/ingest-2026-04-20-net-new/Archiavellian/archive/operations/communication_backup_same_day_plan.md.docx
Drive/drive-download-20260420T163809Z-3-002.zip,Archiavellian/archive/operations/communication_backup_done_checklist.md.docx,217503,Archiavellian-Archive/inbox/google-drive/2026-04/ingest-2026-04-20-net-new/Archiavellian/archive/operations/communication_backup_done_checklist.md.docx
Drive/drive-download-20260420T163809Z-3-002.zip,Archiavellian/archive/Communication_Backup/06_Jesse_Kaser/Timeline/jesse_communication_sentiment_map.xlsx,6455,Archiavellian-Archive/inbox/google-drive/2026-04/ingest-2026-04-20-net-new/Archiavellian/archive/Communication_Backup/06_Jesse_Kaser/Timeline/jesse_communication_sentiment_map.xlsx
Drive/drive-download-20260420T163809Z-3-002.zip,Maybe Comcast/Entity User Taxonomy 2018-02-06.xlsx,10204,Archiavellian-Archive/inbox/google-drive/2026-04/ingest-2026-04-20-net-new/Maybe Comcast/Entity User Taxonomy 2018-02-06.xlsx
Drive/drive-download-20260420T163809Z-3-002.zip,Archiavellian/ARCHIAVELLIAN/02_story/support_circle_story_bank.md.docx,14474,Archiavellian-Archive/inbox/google-drive/2026-04/ingest-2026-04-20-net-new/Archiavellian/ARCHIAVELLIAN/02_story/support_circle_story_bank.md.docx
Drive/drive-download-20260420T163809Z-3-002.zip,Archiavellian/ARCHIAVELLIAN/02_story/lauren_character_tone_map.md.docx,10511,Archiavellian-Archive/inbox/google-drive/2026-04/ingest-2026-04-20-net-new/Archiavellian/ARCHIAVELLIAN/02_story/lauren_character_tone_map.md.docx
Drive/drive-download-20260420T163809Z-3-003.zip,Archiavellian/ARCHIAVELLIAN/02_story/character_translation_bible_v1.md.docx,220148,Archiavellian-Archive/inbox/google-drive/2026-04/ingest-2026-04-20-net-new/Archiavellian/ARCHIAVELLIAN/02_story/character_translation_bible_v1.md.docx
Drive/drive-download-20260420T163809Z-3-003.zip,Archiavellian/archive/operations/command_center_master_index.md.docx,218879,Archiavellian-Archive/inbox/google-drive/2026-04/ingest-2026-04-20-net-new/Archiavellian/archive/operations/command_center_master_index.md.docx
Drive/drive-download-20260420T163809Z-3-003.zip,Financial & Tax/Melissa Stock Credit Report.docx,133337,Archiavellian-Archive/inbox/google-drive/2026-04/ingest-2026-04-20-net-new/Financial & Tax/Melissa Stock Credit Report.docx
Drive/drive-download-20260420T163809Z-3-003.zip,Maybe Comcast/Advertising Landscape - September MJS edits(1).pptx,9604279,Archiavellian-Archive/inbox/google-drive/2026-04/ingest-2026-04-20-net-new/Maybe Comcast/Advertising Landscape - September MJS edits(1).pptx
Drive/drive-download-20260420T163809Z-3-003.zip,"Maybe Comcast/Stock, Melissa, 3-17 Resume.pdf",270475,"Archiavellian-Archive/inbox/google-drive/2026-04/ingest-2026-04-20-net-new/Maybe Comcast/Stock, Melissa, 3-17 Resume.pdf"
Drive/drive-download-20260420T163809Z-3-003.zip,Business Breakup/05_Tripp_Retroactive_Loan_Agreement_Draft.md.docx,219171,Archiavellian-Archive/inbox/google-drive/2026-04/ingest-2026-04-20-net-new/Business Breakup/05_Tripp_Retroactive_Loan_Agreement_Draft.md.docx
Drive/drive-download-20260420T163809Z-3-003.zip,Business Breakup/02_Business_Separation_Clauses.md.docx,220712,Archiavellian-Archive/inbox/google-drive/2026-04/ingest-2026-04-20-net-new/Business Breakup/02_Business_Separation_Clauses.md.docx
Drive/drive-download-20260420T163809Z-3-003.zip,3.0 Product Detail/Pointer Generation and Mangement Use Case 2018-04-18.docx,200053,Archiavellian-Archive/inbox/google-drive/2026-04/ingest-2026-04-20-net-new/3.0 Product Detail/Pointer Generation and Mangement Use Case 2018-04-18.docx
Drive/drive-download-20260420T163809Z-3-003.zip,Maybe Comcast/20260319T013520Z_multisource_inventory.xlsx,1759523,Archiavellian-Archive/inbox/google-drive/2026-04/ingest-2026-04-20-net-new/Maybe Comcast/20260319T013520Z_multisource_inventory.xlsx
Drive/drive-download-20260420T163809Z-3-003.zip,"Maybe Comcast/Stock, Melissa - Resume 2017.pdf",271024,"Archiavellian-Archive/inbox/google-drive/2026-04/ingest-2026-04-20-net-new/Maybe Comcast/Stock, Melissa - Resume 2017.pdf"
Drive/drive-download-20260420T163809Z-3-003.zip,Archiavellian/archive/operations/communication_backup_source_links.md.docx,217360,Archiavellian-Archive/inbox/google-drive/2026-04/ingest-2026-04-20-net-new/Archiavellian/archive/operations/communication_backup_source_links.md.docx
Drive/drive-download-20260420T163809Z-3-003.zip,Archiavellian/ARCHIAVELLIAN/02_story/character_sheet_melissa.md.docx,227208,Archiavellian-Archive/inbox/google-drive/2026-04/ingest-2026-04-20-net-new/Archiavellian/ARCHIAVELLIAN/02_story/character_sheet_melissa.md.docx
Drive/drive-download-20260420T163809Z-3-003.zip,Archiavellian/archive/reports/drive_dedupe_reports/20260319T013151Z_multisource_exact_duplicate_plan.xlsx,774526,Archiavellian-Archive/inbox/google-drive/2026-04/ingest-2026-04-20-net-new/Archiavellian/archive/reports/drive_dedupe_reports/20260319T013151Z_multisource_exact_duplicate_plan.xlsx
Drive/drive-download-20260420T163809Z-3-003.zip,Archiavellian/archive/Communication_Backup/06_Jesse_Kaser/Timeline/jesse_kaser_thread_summary_filtered.xlsx,16030,Archiavellian-Archive/inbox/google-drive/2026-04/ingest-2026-04-20-net-new/Archiavellian/archive/Communication_Backup/06_Jesse_Kaser/Timeline/jesse_kaser_thread_summary_filtered.xlsx
Drive/drive-download-20260420T163809Z-3-003.zip,Archiavellian/ARCHIAVELLIAN/05_archival/planning/Archiavellian_Missing_Assets_v1.md.docx,218568,Archiavellian-Archive/inbox/google-drive/2026-04/ingest-2026-04-20-net-new/Archiavellian/ARCHIAVELLIAN/05_archival/planning/Archiavellian_Missing_Assets_v1.md.docx
Drive/drive-download-20260420T163809Z-3-003.zip,Business Breakup/08_Aneumind_Client_Services_Transition_Plan.md.docx,221860,Archiavellian-Archive/inbox/google-drive/2026-04/ingest-2026-04-20-net-new/Business Breakup/08_Aneumind_Client_Services_Transition_Plan.md.docx
Drive/drive-download-20260420T163809Z-3-003.zip,"Maybe Comcast/Stock, Melissa - Resume.docx",27134,"Archiavellian-Archive/inbox/google-drive/2026-04/ingest-2026-04-20-net-new/Maybe Comcast/Stock, Melissa - Resume.docx"
Drive/drive-download-20260420T163809Z-3-003.zip,Business Breakup/07_Aneumind_Authority_Reconciliation_Status.md.docx,217330,Archiavellian-Archive/inbox/google-drive/2026-04/ingest-2026-04-20-net-new/Business Breakup/07_Aneumind_Authority_Reconciliation_Status.md.docx
Drive/drive-download-20260420T163809Z-3-003.zip,Maybe Comcast/contacts.xlsx,113217,Archiavellian-Archive/inbox/google-drive/2026-04/ingest-2026-04-20-net-new/Maybe Comcast/contacts.xlsx
Drive/drive-download-20260420T163809Z-3-003.zip,Archiavellian/archive/operations/drive_inventory_master_template.xlsx,6115,Archiavellian-Archive/inbox/google-drive/2026-04/ingest-2026-04-20-net-new/Archiavellian/archive/operations/drive_inventory_master_template.xlsx
Drive/drive-download-20260420T163809Z-3-003.zip,Archiavellian/ARCHIAVELLIAN/02_story/support_circle_archive_read_v1.md.docx,218910,Archiavellian-Archive/inbox/google-drive/2026-04/ingest-2026-04-20-net-new/Archiavellian/ARCHIAVELLIAN/02_story/support_circle_archive_read_v1.md.docx
Drive/drive-download-20260420T163809Z-3-003.zip,Business Breakup/06_Aneumind_Final_Authority_Findings.docx,8815,Archiavellian-Archive/inbox/google-drive/2026-04/ingest-2026-04-20-net-new/Business Breakup/06_Aneumind_Final_Authority_Findings.docx
Drive/drive-download-20260420T163809Z-3-003.zip,Archiavellian/archive/Communication_Backup/06_Jesse_Kaser/Timeline/relationship_event_log.xlsx,10374,Archiavellian-Archive/inbox/google-drive/2026-04/ingest-2026-04-20-net-new/Archiavellian/archive/Communication_Backup/06_Jesse_Kaser/Timeline/relationship_event_log.xlsx
Drive/drive-download-20260420T163809Z-3-003.zip,Stock v. Kaser/Stock_v_Kaser_MASTER_REPORT_v4.docx,53979,Archiavellian-Archive/inbox/google-drive/2026-04/ingest-2026-04-20-net-new/Stock v. Kaser/Stock_v_Kaser_MASTER_REPORT_v4.docx
Drive/drive-download-20260420T163809Z-3-003.zip,Maybe Comcast/Entity User Taxonomy 2018-02-06(1).xlsx,10204,Archiavellian-Archive/inbox/google-drive/2026-04/ingest-2026-04-20-net-new/Maybe Comcast/Entity User Taxonomy 2018-02-06(1).xlsx
Drive/drive-download-20260420T163809Z-3-003.zip,Archiavellian/archive/operations/dedupe_rules_by_folder.md.docx,220771,Archiavellian-Archive/inbox/google-drive/2026-04/ingest-2026-04-20-net-new/Archiavellian/archive/operations/dedupe_rules_by_folder.md.docx
Drive/drive-download-20260420T163809Z-3-003.zip,Maybe Comcast/AdOps Selective Documents 2018-11-06.zip,43522343,Archiavellian-Archive/inbox/google-drive/2026-04/ingest-2026-04-20-net-new/Maybe Comcast/AdOps Selective Documents 2018-11-06.zip
