deleted_phone_file,bytes,archive_match,sha256
"Phone Files/Photos/Arrowhead Golf Club, September 23, 2021/Library - 313 of 7793.jpeg",17446128,Archiavellian-Archive/Communication_Backup/09_Unresolved_or_Review_Needed/Photos_Screenshots/2026-03-17_155301_finder_phone_files_photos_snapshot/normalized_files/who-unknown__what-photo__where-arrowhead-golf-club__when-2021-09-23__orig-library-313-of-7793.jpeg,9cbb28d5c4145374897dce6728b529f134992103921bb6004a014cc045791118
"Phone Files/Photos/Arrowhead Golf Club, September 23, 2021/Library - 312 of 7793.jpeg",16958467,Archiavellian-Archive/Communication_Backup/09_Unresolved_or_Review_Needed/Photos_Screenshots/2026-03-17_155301_finder_phone_files_photos_snapshot/normalized_files/who-unknown__what-photo__where-arrowhead-golf-club__when-2021-09-23__orig-library-312-of-7793.jpeg,5f917e0b4df476ebecbf8e40490c6f37b153372d225675bf972db0bf28368ddb
"Phone Files/Photos/Nicoya, August 4, 2022/Library - 1676 of 7793.jpeg",11739947,Archiavellian-Archive/Communication_Backup/09_Unresolved_or_Review_Needed/Photos_Screenshots/2026-03-17_155301_finder_phone_files_photos_snapshot/normalized_files/who-unknown__what-photo__where-nicoya__when-2022-08-04__orig-library-1676-of-7793.jpeg,a271251df5727852088c833a3849eefb39a5bfc147aa4e9997e31706c2526849
"Phone Files/Photos/Nicoya, July 30, 2022/Library - 1587 of 7793.jpeg",9083716,Archiavellian-Archive/Communication_Backup/09_Unresolved_or_Review_Needed/Photos_Screenshots/2026-03-17_155301_finder_phone_files_photos_snapshot/normalized_files/who-unknown__what-photo__where-nicoya__when-2022-07-30__orig-library-1587-of-7793.jpeg,a6ed19f31ea8c388aaf674e92ee93e709a2b0158fb2c7c1a96364c3567f04388
"Phone Files/Photos/Nicoya, July 30, 2022/Library - 1584 of 7793.jpeg",8746131,Archiavellian-Archive/Communication_Backup/09_Unresolved_or_Review_Needed/Photos_Screenshots/2026-03-17_155301_finder_phone_files_photos_snapshot/normalized_files/who-unknown__what-photo__where-nicoya__when-2022-07-30__orig-library-1584-of-7793.jpeg,bc51ee3c5e2cc6b7fa2aa5f18e364f0a19aa3c4f7d42105d145b1c1a2e8a4ecc
"Phone Files/Photos/Denver, August 23, 2022/Library - 1743 of 7793.jpeg",7331928,Archiavellian-Archive/Communication_Backup/09_Unresolved_or_Review_Needed/Photos_Screenshots/2026-03-17_155301_finder_phone_files_photos_snapshot/normalized_files/who-unknown__what-photo__where-denver__when-2022-08-23__orig-library-1743-of-7793.jpeg,71935f908c3e5416e3bead7d97b891acbcd9d6b56a3fb9f799ce7e589cf23704
"Phone Files/Photos/Denver, June 25, 2022/Library - 1290 of 7793.jpeg",7260707,Archiavellian-Archive/Communication_Backup/09_Unresolved_or_Review_Needed/Photos_Screenshots/2026-03-17_155301_finder_phone_files_photos_snapshot/normalized_files/who-unknown__what-photo__where-denver__when-2022-06-25__orig-library-1290-of-7793.jpeg,888f11fc888dc7864f560339114079aff3b78b479effeceee12ad3ca7ed21436
"Phone Files/Photos/Granby, April 2, 2022/Library - 951 of 7793.jpeg",7079421,Archiavellian-Archive/Communication_Backup/09_Unresolved_or_Review_Needed/Photos_Screenshots/2026-03-17_155301_finder_phone_files_photos_snapshot/normalized_files/who-unknown__what-photo__where-granby__when-2022-04-02__orig-library-951-of-7793.jpeg,dfdfce43295f566c973a25d12814f1db69c266bacf3d5f3d9d54c89b5ab870c8
"Phone Files/Photos/Denver, July 9, 2021/Library - 161 of 7793.jpeg",6603116,Archiavellian-Archive/Communication_Backup/09_Unresolved_or_Review_Needed/Photos_Screenshots/2026-03-17_155301_finder_phone_files_photos_snapshot/normalized_files/who-unknown__what-photo__where-denver__when-2021-07-09__orig-library-161-of-7793.jpeg,34bb3952f8b01776f0d315ba7c339fff496ded96319c89bfab7e06e13173de52
"Phone Files/Photos/Denver, August 23, 2022/Library - 1742 of 7793.jpeg",6463169,Archiavellian-Archive/Communication_Backup/09_Unresolved_or_Review_Needed/Photos_Screenshots/2026-03-17_155301_finder_phone_files_photos_snapshot/normalized_files/who-unknown__what-photo__where-denver__when-2022-08-23__orig-library-1742-of-7793.jpeg,529b212f0f37d144a5d14ccd5f42d23bfc5e7f94704556f05fd231133fe13238
"Phone Files/Photos/February 26, 2022/Library - 842 of 7793.jpeg",6437957,Archiavellian-Archive/Communication_Backup/09_Unresolved_or_Review_Needed/Photos_Screenshots/2026-03-17_155301_finder_phone_files_photos_snapshot/normalized_files/who-unknown__what-photo__where-unknown__when-2022-02-26__orig-library-842-of-7793.jpeg,df441e42c362e1b936d6a5aed098e85c33136ab0c6bc4adc2dbdf6bc661fd929
"Phone Files/Photos/Hackettstown, November 14, 2021/Library - 517 of 7793.jpeg",6180498,Archiavellian-Archive/Communication_Backup/09_Unresolved_or_Review_Needed/Photos_Screenshots/2026-03-17_155301_finder_phone_files_photos_snapshot/normalized_files/who-unknown__what-photo__where-hackettstown__when-2021-11-14__orig-library-517-of-7793.jpeg,bf3b20ea1d10e6bb785c2e2ddc9b6b957472665ae37be0ce5cf8442379ef4dac
"Phone Files/Photos/San Carlos, September 18, 2022/Library - 1842 of 7793.jpeg",6093912,Archiavellian-Archive/Communication_Backup/09_Unresolved_or_Review_Needed/Photos_Screenshots/2026-03-17_155301_finder_phone_files_photos_snapshot/normalized_files/who-unknown__what-photo__where-san-carlos__when-2022-09-18__orig-library-1842-of-7793.jpeg,66ba0ebb4dcf7c0b373271903d240a047b5e29c0ec4f28b5aa901fcdf9afb768
"Phone Files/Photos/San Carlos, September 19, 2022/Library - 1851 of 7793.jpeg",6017085,Archiavellian-Archive/Communication_Backup/09_Unresolved_or_Review_Needed/Photos_Screenshots/2026-03-17_155301_finder_phone_files_photos_snapshot/normalized_files/who-unknown__what-photo__where-san-carlos__when-2022-09-19__orig-library-1851-of-7793.jpeg,e6626093e1111ab9a61adbe5de2bc96f1621c3fc6f47a39b6e60e649251b2892
"Phone Files/Photos/John T Hoggard High, August 16, 2021/Library - 218 of 7793.jpeg",5940677,Archiavellian-Archive/Communication_Backup/09_Unresolved_or_Review_Needed/Photos_Screenshots/2026-03-17_155301_finder_phone_files_photos_snapshot/normalized_files/who-unknown__what-photo__where-john-t-hoggard-high__when-2021-08-16__orig-library-218-of-7793.jpeg,d6613b2fa95beeb94c6e604cb5dca050de5ab2e67e5912e9fcb5d9d1a07c97d8
"Phone Files/Photos/Denver, October 7, 2022/Library - 1928 of 7793.jpeg",5927468,Archiavellian-Archive/Communication_Backup/09_Unresolved_or_Review_Needed/Photos_Screenshots/2026-03-17_155301_finder_phone_files_photos_snapshot/normalized_files/who-unknown__what-photo__where-denver__when-2022-10-07__orig-library-1928-of-7793.jpeg,f5bb22740d71eeba247a9f2ec91d41616f369de0bdc2a41591c798f73958e7ea
"Phone Files/Photos/Denver, August 8, 2022/Library - 1704 of 7793.jpeg",5849118,Archiavellian-Archive/Communication_Backup/09_Unresolved_or_Review_Needed/Photos_Screenshots/2026-03-17_155301_finder_phone_files_photos_snapshot/normalized_files/who-unknown__what-photo__where-denver__when-2022-08-08__orig-library-1704-of-7793.jpeg,563a3d5b40953de7b30664f73211655362ed7984443fe1904248ad4a803311f6
"Phone Files/Photos/Denver, August 23, 2022/Library - 1741 of 7793.jpeg",5799598,Archiavellian-Archive/Communication_Backup/09_Unresolved_or_Review_Needed/Photos_Screenshots/2026-03-17_155301_finder_phone_files_photos_snapshot/normalized_files/who-unknown__what-photo__where-denver__when-2022-08-23__orig-library-1741-of-7793.jpeg,23bdc940f736949cbfeb24c4752ff59f5862aab677df0002fe54e505b5b4e93c
"Phone Files/Photos/San Carlos, September 18, 2022/Library - 1844 of 7793.jpeg",5753573,Archiavellian-Archive/Communication_Backup/09_Unresolved_or_Review_Needed/Photos_Screenshots/2026-03-17_155301_finder_phone_files_photos_snapshot/normalized_files/who-unknown__what-photo__where-san-carlos__when-2022-09-18__orig-library-1844-of-7793.jpeg,13e40950fdb0ad1bc28030533f4ff624d082514057eb31b55d801f078769d6ac
"Phone Files/Photos/Centennial, November 20, 2021/Library - 520 of 7793.jpeg",5751114,Archiavellian-Archive/Communication_Backup/09_Unresolved_or_Review_Needed/Photos_Screenshots/2026-03-17_155301_finder_phone_files_photos_snapshot/normalized_files/who-unknown__what-photo__where-centennial__when-2021-11-20__orig-library-520-of-7793.jpeg,dacb1400e7d0a67c344e2d550d8cccc173f97a0c2d83392aba6c8c602cf9fc90
"Phone Files/Photos/Denver, August 12, 2021/Library - 202 of 7793.jpeg",5660433,Archiavellian-Archive/Communication_Backup/09_Unresolved_or_Review_Needed/Photos_Screenshots/2026-03-17_155301_finder_phone_files_photos_snapshot/normalized_files/who-unknown__what-photo__where-denver__when-2021-08-12__orig-library-202-of-7793.jpeg,6ee2d83ffab4a74bc42a4693c88549e07b9b63bd1fa30f1de422dd309e5e7ea8
"Phone Files/Photos/Arrowhead Golf Club, September 23, 2021/Library - 315 of 7793.jpeg",5638918,Archiavellian-Archive/Communication_Backup/09_Unresolved_or_Review_Needed/Photos_Screenshots/2026-03-17_155301_finder_phone_files_photos_snapshot/normalized_files/who-unknown__what-photo__where-arrowhead-golf-club__when-2021-09-23__orig-library-315-of-7793.jpeg,3e1fb95cfa01e1b716ff5621ff686a24583d25695bf078caf0f6b4143b9a14ac
"Phone Files/Photos/Nicoya, July 16, 2022/Library - 1440 of 7793.jpeg",5623930,Archiavellian-Archive/Communication_Backup/09_Unresolved_or_Review_Needed/Photos_Screenshots/2026-03-17_155301_finder_phone_files_photos_snapshot/normalized_files/who-unknown__what-photo__where-nicoya__when-2022-07-16__orig-library-1440-of-7793.jpeg,8287d8eb970eef63525e2cefea5b352a5fa529c9d07a95485dfdda3e5fd8c42b
"Phone Files/Photos/Loveland, June 5, 2021/Library - 65 of 7793.jpeg",5582565,Archiavellian-Archive/Communication_Backup/09_Unresolved_or_Review_Needed/Photos_Screenshots/2026-03-17_155301_finder_phone_files_photos_snapshot/normalized_files/who-unknown__what-photo__where-loveland__when-2021-06-05__orig-library-65-of-7793.jpeg,b35894aa147675c426da3d1a46f5cc8f8629134e67ce73085b08aa795e320c11
"Phone Files/Photos/San Carlos, September 19, 2022/Library - 1852 of 7793.jpeg",5526124,Archiavellian-Archive/Communication_Backup/09_Unresolved_or_Review_Needed/Photos_Screenshots/2026-03-17_155301_finder_phone_files_photos_snapshot/normalized_files/who-unknown__what-photo__where-san-carlos__when-2022-09-19__orig-library-1852-of-7793.jpeg,6a997cf527dc7c3f8b6fd6f0d92247fd6b410da21847b04dbee8bfce7b3cc6f8
"Phone Files/Photos/Denver, June 11, 2022/Library - 1239 of 7793.jpeg",5521239,Archiavellian-Archive/Communication_Backup/09_Unresolved_or_Review_Needed/Photos_Screenshots/2026-03-17_155301_finder_phone_files_photos_snapshot/normalized_files/who-unknown__what-photo__where-denver__when-2022-06-11__orig-library-1239-of-7793.jpeg,ffe8d050cef99fe913db1f2cb3ea5ffc9a3f749cc128011964c18fdf7ed114a6
"Phone Files/Photos/San Carlos, September 18, 2022/Library - 1843 of 7793.jpeg",5518571,Archiavellian-Archive/Communication_Backup/09_Unresolved_or_Review_Needed/Photos_Screenshots/2026-03-17_155301_finder_phone_files_photos_snapshot/normalized_files/who-unknown__what-photo__where-san-carlos__when-2022-09-18__orig-library-1843-of-7793.jpeg,88510a1eb05139b78e1cf74441ff8c34707f525f51853932effb8ff274b5e04b
"Phone Files/Photos/Denver, June 6, 2021/Library - 69 of 7793.jpeg",5513331,Archiavellian-Archive/Communication_Backup/09_Unresolved_or_Review_Needed/Photos_Screenshots/2026-03-17_155301_finder_phone_files_photos_snapshot/normalized_files/who-unknown__what-photo__where-denver__when-2021-06-06__orig-library-69-of-7793.jpeg,f60a25c89e30649ac6d57f6a7eb0067d20195b99edf8e3481313349aec8f36fd
"Phone Files/Photos/June 1, 2021/Library - 44 of 7793.jpeg",5505025,Archiavellian-Archive/Communication_Backup/09_Unresolved_or_Review_Needed/Photos_Screenshots/2026-03-17_155301_finder_phone_files_photos_snapshot/normalized_files/who-unknown__what-photo__where-unknown__when-2021-06-01__orig-library-44-of-7793.jpeg,76570dd486f5a97069b66f1e74e3a8cb2203cdf5defdf982369d0e7f1a84ddd1
"Phone Files/Photos/Nicoya, August 4, 2022/Library - 1680 of 7793.jpeg",5352757,Archiavellian-Archive/Communication_Backup/09_Unresolved_or_Review_Needed/Photos_Screenshots/2026-03-17_155301_finder_phone_files_photos_snapshot/normalized_files/who-unknown__what-photo__where-nicoya__when-2022-08-04__orig-library-1680-of-7793.jpeg,0692db8cbdb2bb55b2028cd6febb0afa7844489fe2c0a07686b0862e38da27ec
"Phone Files/Photos/Christmas Day, December 25, 2021/Library - 624 of 7793.jpeg",5278125,Archiavellian-Archive/Communication_Backup/09_Unresolved_or_Review_Needed/Photos_Screenshots/2026-03-17_155301_finder_phone_files_photos_snapshot/normalized_files/who-unknown__what-photo__where-christmas-day__when-2021-12-25__orig-library-624-of-7793.jpeg,b73a7ef7e778859212c2d20be8e432a044303ebfa957da0a949aeb2a81a31caf
"Phone Files/Photos/Englewood, April 30, 2022/Library - 1036 of 7793.jpeg",5278120,Archiavellian-Archive/Communication_Backup/09_Unresolved_or_Review_Needed/Photos_Screenshots/2026-03-17_155301_finder_phone_files_photos_snapshot/normalized_files/who-unknown__what-photo__where-englewood__when-2022-04-30__orig-library-1036-of-7793.jpeg,bfdc120b933332e7ebf288c84d53917af43008821194264ea9a5aed7f401c866
"Phone Files/Photos/Nicoya, July 17, 2022/Library - 1470 of 7793.jpeg",5228021,Archiavellian-Archive/Communication_Backup/09_Unresolved_or_Review_Needed/Photos_Screenshots/2026-03-17_155301_finder_phone_files_photos_snapshot/normalized_files/who-unknown__what-photo__where-nicoya__when-2022-07-17__orig-library-1470-of-7793.jpeg,0727c71b3e40a11ada97e97a100826a9383d9afc1b9b91415ad5d49e8b17a16a
"Phone Files/Photos/Denver, February 13, 2022/Library - 792 of 7793.jpeg",5172469,Archiavellian-Archive/Communication_Backup/09_Unresolved_or_Review_Needed/Photos_Screenshots/2026-03-17_155301_finder_phone_files_photos_snapshot/normalized_files/who-unknown__what-photo__where-denver__when-2022-02-13__orig-library-792-of-7793.jpeg,39973ea1b173963ca280698087c23425545b5e976aa45f99aca7449e31f2d6c0
"Phone Files/Photos/July 9, 2021/Library - 157 of 7793.jpeg",5096677,Archiavellian-Archive/Communication_Backup/09_Unresolved_or_Review_Needed/Photos_Screenshots/2026-03-17_155301_finder_phone_files_photos_snapshot/normalized_files/who-unknown__what-photo__where-unknown__when-2021-07-09__orig-library-157-of-7793.jpeg,f8644647d7d34c5084d92e5cbdac32253d83817d9058532c80e8837c47b4d0f2
"Phone Files/Photos/Denver, July 3, 2022/Library - 1335 of 7793.jpeg",5087845,Archiavellian-Archive/Communication_Backup/09_Unresolved_or_Review_Needed/Photos_Screenshots/2026-03-17_155301_finder_phone_files_photos_snapshot/normalized_files/who-unknown__what-photo__where-denver__when-2022-07-03__orig-library-1335-of-7793.jpeg,ca95cf96412774e12630a089f327b53ea744f4fdeef4b7d7417e85def0412bcd
"Phone Files/Photos/Denver, May 18, 2021/Library - 24 of 7793.jpeg",5078278,Archiavellian-Archive/Communication_Backup/09_Unresolved_or_Review_Needed/Photos_Screenshots/2026-03-17_155301_finder_phone_files_photos_snapshot/normalized_files/who-unknown__what-photo__where-denver__when-2021-05-18__orig-library-24-of-7793.jpeg,3308294bba9c045c6de83baaf8670cf3eec84167a755815787e3b66db45b3b66
"Phone Files/Photos/Denver, November 6, 2021/Library - 489 of 7793.jpeg",5046547,Archiavellian-Archive/Communication_Backup/09_Unresolved_or_Review_Needed/Photos_Screenshots/2026-03-17_155301_finder_phone_files_photos_snapshot/normalized_files/who-unknown__what-photo__where-denver__when-2021-11-06__orig-library-489-of-7793.jpeg,e6f4594ffdb113b74d594c82f7da87362e860e20cc912e39c2ff6a7be4901385
"Phone Files/Photos/City Park, August 17, 2022/Library - 1723 of 7793.jpeg",5021589,Archiavellian-Archive/Communication_Backup/09_Unresolved_or_Review_Needed/Photos_Screenshots/2026-03-17_155301_finder_phone_files_photos_snapshot/normalized_files/who-unknown__what-photo__where-city-park__when-2022-08-17__orig-library-1723-of-7793.jpeg,f13e43d1b918532a79537c635f900dea7397564aa2571e3c80dd385bc755cc78
"Phone Files/Photos/Denver, September 15, 2022/Library - 1781 of 7793.jpeg",4955870,Archiavellian-Archive/Communication_Backup/09_Unresolved_or_Review_Needed/Photos_Screenshots/2026-03-17_155301_finder_phone_files_photos_snapshot/normalized_files/who-unknown__what-photo__where-denver__when-2022-09-15__orig-library-1781-of-7793.jpeg,249769d0e0b89ff3dae5a0df653df38b9f06dd289f5ef5f01612b8f7cfff191e
"Phone Files/Photos/Denver, June 6, 2021/Library - 68 of 7793.jpeg",4955164,Archiavellian-Archive/Communication_Backup/09_Unresolved_or_Review_Needed/Photos_Screenshots/2026-03-17_155301_finder_phone_files_photos_snapshot/normalized_files/who-unknown__what-photo__where-denver__when-2021-06-06__orig-library-68-of-7793.jpeg,a5d25ad2cadc154f8ea9e681d0808bf510841639ea633b411ecbdb59084804ad
"Phone Files/Photos/Nicoya, July 17, 2022/Library - 1472 of 7793.jpeg",4954665,Archiavellian-Archive/Communication_Backup/09_Unresolved_or_Review_Needed/Photos_Screenshots/2026-03-17_155301_finder_phone_files_photos_snapshot/normalized_files/who-unknown__what-photo__where-nicoya__when-2022-07-17__orig-library-1472-of-7793.jpeg,45ffc0f28d82220282307ebadf786a50cda46359fc6c84620de87309188a2b57
"Phone Files/Photos/Nicoya, July 16, 2022/Library - 1445 of 7793.jpeg",4901103,Archiavellian-Archive/Communication_Backup/09_Unresolved_or_Review_Needed/Photos_Screenshots/2026-03-17_155301_finder_phone_files_photos_snapshot/normalized_files/who-unknown__what-photo__where-nicoya__when-2022-07-16__orig-library-1445-of-7793.jpeg,0489e4326cc0a2be6f142aa6e02316242a933ecba73276cb1e13cec3152b058c
"Phone Files/Photos/Nicoya, July 8, 2022/Library - 1369 of 7793.jpeg",4899248,Archiavellian-Archive/Communication_Backup/09_Unresolved_or_Review_Needed/Photos_Screenshots/2026-03-17_155301_finder_phone_files_photos_snapshot/normalized_files/who-unknown__what-photo__where-nicoya__when-2022-07-08__orig-library-1369-of-7793.jpeg,7dddd21bc0a95e7874fdef5ca6b631828d6e12e162aed5187488d94f15c052ec
"Phone Files/Photos/Nicoya, July 6, 2022/Library - 1349 of 7793.jpeg",4891850,Archiavellian-Archive/Communication_Backup/09_Unresolved_or_Review_Needed/Photos_Screenshots/2026-03-17_155301_finder_phone_files_photos_snapshot/normalized_files/who-unknown__what-photo__where-nicoya__when-2022-07-06__orig-library-1349-of-7793.jpeg,70db154fcd193e29af4fa948073c0fb45056992157369d8e6511418e60b2eff4
"Phone Files/Photos/Denver, November 6, 2021/Library - 488 of 7793.jpeg",4875914,Archiavellian-Archive/Communication_Backup/09_Unresolved_or_Review_Needed/Photos_Screenshots/2026-03-17_155301_finder_phone_files_photos_snapshot/normalized_files/who-unknown__what-photo__where-denver__when-2021-11-06__orig-library-488-of-7793.jpeg,7ab0fd271f97f177b095258619342cbab6714cffe7f7c81d7c9286270e453858
"Phone Files/Photos/Breckenridge, September 4, 2021/Library - 263 of 7793.jpeg",4827444,Archiavellian-Archive/Communication_Backup/09_Unresolved_or_Review_Needed/Photos_Screenshots/2026-03-17_155301_finder_phone_files_photos_snapshot/normalized_files/who-unknown__what-photo__where-breckenridge__when-2021-09-04__orig-library-263-of-7793.jpeg,af5e07dd8b8204705dab6578284d176a7f43debe9edef546d682df23a5702c0b
"Phone Files/Photos/Nicoya, July 8, 2022/Library - 1368 of 7793.jpeg",4826262,Archiavellian-Archive/Communication_Backup/09_Unresolved_or_Review_Needed/Photos_Screenshots/2026-03-17_155301_finder_phone_files_photos_snapshot/normalized_files/who-unknown__what-photo__where-nicoya__when-2022-07-08__orig-library-1368-of-7793.jpeg,4ba349e76c267718c242dfddd752d3cef332bd859a420f78a5e0e1c287e12a78
"Phone Files/Photos/Loveland, June 5, 2021/Library - 66 of 7793.jpeg",4820956,Archiavellian-Archive/Communication_Backup/09_Unresolved_or_Review_Needed/Photos_Screenshots/2026-03-17_155301_finder_phone_files_photos_snapshot/normalized_files/who-unknown__what-photo__where-loveland__when-2021-06-05__orig-library-66-of-7793.jpeg,fee273018592da29d9d712a26641022f9115822a8db96fcc2611ae7ef664f009
"Phone Files/Photos/San Carlos, September 19, 2022/Library - 1850 of 7793.jpeg",4814864,Archiavellian-Archive/Communication_Backup/09_Unresolved_or_Review_Needed/Photos_Screenshots/2026-03-17_155301_finder_phone_files_photos_snapshot/normalized_files/who-unknown__what-photo__where-san-carlos__when-2022-09-19__orig-library-1850-of-7793.jpeg,80e5ce4f824bbb91ab302bae6948a30afa89ed446c57f00fe19643815c55c303
"Phone Files/Photos/Denver, January 25, 2022/Library - 727 of 7793.jpeg",4738239,Archiavellian-Archive/Communication_Backup/09_Unresolved_or_Review_Needed/Photos_Screenshots/2026-03-17_155301_finder_phone_files_photos_snapshot/normalized_files/who-unknown__what-photo__where-denver__when-2022-01-25__orig-library-727-of-7793.jpeg,41ecdbffed1f75fd12417e15c4a8be193f6790c1b76baf01aeb4eb22b7d93a4f
"Phone Files/Photos/Denver, June 2, 2022/Library - 1191 of 7793.jpeg",4718676,Archiavellian-Archive/Communication_Backup/09_Unresolved_or_Review_Needed/Photos_Screenshots/2026-03-17_155301_finder_phone_files_photos_snapshot/normalized_files/who-unknown__what-photo__where-denver__when-2022-06-02__orig-library-1191-of-7793.jpeg,53f356f9c962b5c32c6b7607dac43e4b489684bce44fbfbacb58018be79f17c2
"Phone Files/Photos/Englewood, April 30, 2022/Library - 1014 of 7793.jpeg",4703948,Archiavellian-Archive/Communication_Backup/09_Unresolved_or_Review_Needed/Photos_Screenshots/2026-03-17_155301_finder_phone_files_photos_snapshot/normalized_files/who-unknown__what-photo__where-englewood__when-2022-04-30__orig-library-1014-of-7793.jpeg,58ea771f6c3b0a7a03906b02fd4bdaf41d563bf90659e3c5b2cbf14bbba07634
"Phone Files/Photos/Englewood, April 30, 2022/Library - 1037 of 7793.jpeg",4695894,Archiavellian-Archive/Communication_Backup/09_Unresolved_or_Review_Needed/Photos_Screenshots/2026-03-17_155301_finder_phone_files_photos_snapshot/normalized_files/who-unknown__what-photo__where-englewood__when-2022-04-30__orig-library-1037-of-7793.jpeg,64e55bd3848a2189cda020808516616110c3533df9d1c9a2d731afb53ba069be
"Phone Files/Photos/Arrowhead Golf Club, September 23, 2021/Library - 316 of 7793.jpeg",4685765,Archiavellian-Archive/Communication_Backup/09_Unresolved_or_Review_Needed/Photos_Screenshots/2026-03-17_155301_finder_phone_files_photos_snapshot/normalized_files/who-unknown__what-photo__where-arrowhead-golf-club__when-2021-09-23__orig-library-316-of-7793.jpeg,f8501a9258c87361a85931de236d75c3b4f87adea7ae80a63571d1ee8d6ffe11
"Phone Files/Photos/Denver, October 16, 2021/Library - 391 of 7793.jpeg",4681893,Archiavellian-Archive/Communication_Backup/09_Unresolved_or_Review_Needed/Photos_Screenshots/2026-03-17_155301_finder_phone_files_photos_snapshot/normalized_files/who-unknown__what-photo__where-denver__when-2021-10-16__orig-library-391-of-7793.jpeg,c8e890940bfcee6b618bd123d75e57f58109e29589ed027af500c2d7d251fc2a
"Phone Files/Photos/Nicoya, July 9, 2022/Library - 1386 of 7793.jpeg",4672443,Archiavellian-Archive/Communication_Backup/09_Unresolved_or_Review_Needed/Photos_Screenshots/2026-03-17_155301_finder_phone_files_photos_snapshot/normalized_files/who-unknown__what-photo__where-nicoya__when-2022-07-09__orig-library-1386-of-7793.jpeg,bbbdfe6757f43cde04706f0a232a2ada3c3d319d2f5c0c950f0d2b16e0079981
"Phone Files/Photos/Denver, October 5, 2022/Library - 1921 of 7793.jpeg",4642204,Archiavellian-Archive/Communication_Backup/09_Unresolved_or_Review_Needed/Photos_Screenshots/2026-03-17_155301_finder_phone_files_photos_snapshot/normalized_files/who-unknown__what-photo__where-denver__when-2022-10-05__orig-library-1921-of-7793.jpeg,898fc2beb3c39330e5a3f36e1de62fd3ea1943641b598cf87bcc9098d3cc0a91
"Phone Files/Photos/San Carlos, September 19, 2022/Library - 1861 of 7793.jpeg",4633108,Archiavellian-Archive/Communication_Backup/09_Unresolved_or_Review_Needed/Photos_Screenshots/2026-03-17_155301_finder_phone_files_photos_snapshot/normalized_files/who-unknown__what-photo__where-san-carlos__when-2022-09-19__orig-library-1861-of-7793.jpeg,65ed1f9bebd120255758bebdf336fae9269daeca779bfa8a9fec9a94555d1f0c
"Phone Files/Photos/Nicoya, July 6, 2022/Library - 1348 of 7793.jpeg",4618615,Archiavellian-Archive/Communication_Backup/09_Unresolved_or_Review_Needed/Photos_Screenshots/2026-03-17_155301_finder_phone_files_photos_snapshot/normalized_files/who-unknown__what-photo__where-nicoya__when-2022-07-06__orig-library-1348-of-7793.jpeg,ecf4b97ac3281fd34bd1dd4a7234cfff438200ef59b0a3e20230dca45fd2a0ab
"Phone Files/Photos/October 9, 2022/Library - 1933 of 7793.jpeg",4608983,Archiavellian-Archive/Communication_Backup/09_Unresolved_or_Review_Needed/Photos_Screenshots/2026-03-17_155301_finder_phone_files_photos_snapshot/normalized_files/who-unknown__what-photo__where-unknown__when-2022-10-09__orig-library-1933-of-7793.jpeg,210e7df44f07065c6d1fea9b007d999dd87f9ff0703427b408f39f2785b49a3b
"Phone Files/Photos/Nicoya, July 16, 2022/Library - 1444 of 7793.jpeg",4605381,Archiavellian-Archive/Communication_Backup/09_Unresolved_or_Review_Needed/Photos_Screenshots/2026-03-17_155301_finder_phone_files_photos_snapshot/normalized_files/who-unknown__what-photo__where-nicoya__when-2022-07-16__orig-library-1444-of-7793.jpeg,c7824c0025adafe4172aab10b64920e028514a2135691d2082e12d6f9fb8f265
"Phone Files/Photos/Portland, June 17, 2022/Library - 1261 of 7793.jpeg",4590249,Archiavellian-Archive/Communication_Backup/09_Unresolved_or_Review_Needed/Photos_Screenshots/2026-03-17_155301_finder_phone_files_photos_snapshot/normalized_files/who-unknown__what-photo__where-portland__when-2022-06-17__orig-library-1261-of-7793.jpeg,c344dc17250f3ddadc4e20aaf9e971872a4dac13e0e5bea6f97afdc4cbb56ab0
Phone Files/My Song.band/Output/arrange_screenshot_big.png,4584227,Archiavellian-Archive/inbox/google-drive/2026-04/ingest-2026-04-20-net-new/Aneumind/My Song.band/Output/arrange_screenshot_big.png,261de3301c381577204aa9134822afc94431d8f3b8bbd4014c49ae42bc73fd6c
"Phone Files/Photos/Denver, August 6, 2021/Library - 198 of 7793.jpeg",4561142,Archiavellian-Archive/Communication_Backup/09_Unresolved_or_Review_Needed/Photos_Screenshots/2026-03-17_155301_finder_phone_files_photos_snapshot/normalized_files/who-unknown__what-photo__where-denver__when-2021-08-06__orig-library-198-of-7793.jpeg,0de1366eee3eb3a43f57bf4b95c26973ee0d078410009151e94a9c8f3bbcfe7a
"Phone Files/Photos/Frisco, September 4, 2021/Library - 257 of 7793.jpeg",4540627,Archiavellian-Archive/Communication_Backup/09_Unresolved_or_Review_Needed/Photos_Screenshots/2026-03-17_155301_finder_phone_files_photos_snapshot/normalized_files/who-unknown__what-photo__where-frisco__when-2021-09-04__orig-library-257-of-7793.jpeg,f1ad6f16d2bacb1ec90c1fe2d511b7f2bef67fd6b9fe7c66864057b0af6accb1
"Phone Files/Photos/Denver, October 1, 2022/Library - 1919 of 7793.jpeg",4535527,Archiavellian-Archive/Communication_Backup/09_Unresolved_or_Review_Needed/Photos_Screenshots/2026-03-17_155301_finder_phone_files_photos_snapshot/normalized_files/who-unknown__what-photo__where-denver__when-2022-10-01__orig-library-1919-of-7793.jpeg,4ccad1c2de1d24adf3e3af10612063cb889e11f8a400cdf8f9ac9515bd34a707
"Phone Files/Photos/Englewood, April 30, 2022/Library - 1040 of 7793.jpeg",4506528,Archiavellian-Archive/Communication_Backup/09_Unresolved_or_Review_Needed/Photos_Screenshots/2026-03-17_155301_finder_phone_files_photos_snapshot/normalized_files/who-unknown__what-photo__where-englewood__when-2022-04-30__orig-library-1040-of-7793.jpeg,59888a08b7b50b04c491f99ad69729c282f4d64016b187df2ad2b416e7abb7cf
"Phone Files/Photos/Denver, October 29, 2022/Library - 1998 of 7793.jpeg",4498741,Archiavellian-Archive/Communication_Backup/09_Unresolved_or_Review_Needed/Photos_Screenshots/2026-03-17_155301_finder_phone_files_photos_snapshot/normalized_files/who-unknown__what-photo__where-denver__when-2022-10-29__orig-library-1998-of-7793.jpeg,ef575618eb09fa9c10b40c64eac8f9726d3e07cb8879a1c698590dc082565931
"Phone Files/Photos/Denver, October 20, 2021/Library - 416 of 7793.jpeg",4484557,Archiavellian-Archive/Communication_Backup/09_Unresolved_or_Review_Needed/Photos_Screenshots/2026-03-17_155301_finder_phone_files_photos_snapshot/normalized_files/who-unknown__what-photo__where-denver__when-2021-10-20__orig-library-416-of-7793.jpeg,bb05b76daba840c37eb0f83e4d78ab0ab06a93f1676c50a657952d2a749aeb08
"Phone Files/Photos/Denver, October 23, 2022/Library - 1977 of 7793.jpeg",4447763,Archiavellian-Archive/Communication_Backup/09_Unresolved_or_Review_Needed/Photos_Screenshots/2026-03-17_155301_finder_phone_files_photos_snapshot/normalized_files/who-unknown__what-photo__where-denver__when-2022-10-23__orig-library-1977-of-7793.jpeg,82c8c1aea0289345e86bab2a7c9700d79443b49469679f8948b869d2ae165fdd
"Phone Files/Photos/Nicoya, July 22, 2022/Library - 1536 of 7793.jpeg",4430908,Archiavellian-Archive/Communication_Backup/09_Unresolved_or_Review_Needed/Photos_Screenshots/2026-03-17_155301_finder_phone_files_photos_snapshot/normalized_files/who-unknown__what-photo__where-nicoya__when-2022-07-22__orig-library-1536-of-7793.jpeg,0546e5e64757d21a9e8201bd1591f89070938763fde702479504adcd078c2b81
"Phone Files/Photos/Nicoya, August 4, 2022/Library - 1677 of 7793.jpeg",4423993,Archiavellian-Archive/Communication_Backup/09_Unresolved_or_Review_Needed/Photos_Screenshots/2026-03-17_155301_finder_phone_files_photos_snapshot/normalized_files/who-unknown__what-photo__where-nicoya__when-2022-08-04__orig-library-1677-of-7793.jpeg,9fad3937a1cc114b3cf648f471dd06b02a8bf6366c8582eac2182907e3fb5c60
"Phone Files/Photos/July 7, 2022/Library - 1357 of 7793.jpeg",4416001,Archiavellian-Archive/Communication_Backup/09_Unresolved_or_Review_Needed/Photos_Screenshots/2026-03-17_155301_finder_phone_files_photos_snapshot/normalized_files/who-unknown__what-photo__where-unknown__when-2022-07-07__orig-library-1357-of-7793.jpeg,a91eddb9aa693274b56a6a639e713606cefdc770a6067eadedea3e527af82771
"Phone Files/Photos/Denver, September 21, 2021/Library - 304 of 7793.jpeg",4414912,Archiavellian-Archive/Communication_Backup/09_Unresolved_or_Review_Needed/Photos_Screenshots/2026-03-17_155301_finder_phone_files_photos_snapshot/normalized_files/who-unknown__what-photo__where-denver__when-2021-09-21__orig-library-304-of-7793.jpeg,1389a96e3d64d30830903ab1a474748af55919e5faec6d9c9822f8cf59316f24
"Phone Files/Photos/Denver, February 18, 2022/Library - 812 of 7793.jpeg",4403545,Archiavellian-Archive/Communication_Backup/09_Unresolved_or_Review_Needed/Photos_Screenshots/2026-03-17_155301_finder_phone_files_photos_snapshot/normalized_files/who-unknown__what-photo__where-denver__when-2022-02-18__orig-library-812-of-7793.jpeg,ea3937dc543525fee2184c916e832c44de4c694f21b2cd25248a5aa6f8aefab5
"Phone Files/Photos/Denver, May 21, 2022/Library - 1147 of 7793.jpeg",4401865,Archiavellian-Archive/Communication_Backup/09_Unresolved_or_Review_Needed/Photos_Screenshots/2026-03-17_155301_finder_phone_files_photos_snapshot/normalized_files/who-unknown__what-photo__where-denver__when-2022-05-21__orig-library-1147-of-7793.jpeg,4690d209235796429d67d857b65dee0d4476f35b8e0a35f3c5656b90776a0a8a
"Phone Files/Photos/Saylorsburg & Brodheadsville, November 13, 2021/Library - 494 of 7793.jpeg",4387235,Archiavellian-Archive/Communication_Backup/09_Unresolved_or_Review_Needed/Photos_Screenshots/2026-03-17_155301_finder_phone_files_photos_snapshot/normalized_files/who-unknown__what-photo__where-saylorsburg-brodheadsville__when-2021-11-13__orig-library-494-of-7793.jpeg,e01ba1acf5e27117ef612264e0429911065cec49e3ed50267ea58e6ce51ace34
"Phone Files/Photos/Denver, January 27, 2022/Library - 730 of 7793.jpeg",4372410,Archiavellian-Archive/Communication_Backup/09_Unresolved_or_Review_Needed/Photos_Screenshots/2026-03-17_155301_finder_phone_files_photos_snapshot/normalized_files/who-unknown__what-photo__where-denver__when-2022-01-27__orig-library-730-of-7793.jpeg,9c29162aadbd127265616456d19d1de1823f2abf59cefd5daffab2839e8b3131
"Phone Files/Photos/Denver, October 23, 2022/Library - 1972 of 7793.jpeg",4371808,Archiavellian-Archive/Communication_Backup/09_Unresolved_or_Review_Needed/Photos_Screenshots/2026-03-17_155301_finder_phone_files_photos_snapshot/normalized_files/who-unknown__what-photo__where-denver__when-2022-10-23__orig-library-1972-of-7793.jpeg,758a63a48a2f8fef59bce7406862b84a3472e328f4a3b651bb87a902ff03b106
"Phone Files/Photos/Nicoya, July 17, 2022/Library - 1469 of 7793.jpeg",4371326,Archiavellian-Archive/Communication_Backup/09_Unresolved_or_Review_Needed/Photos_Screenshots/2026-03-17_155301_finder_phone_files_photos_snapshot/normalized_files/who-unknown__what-photo__where-nicoya__when-2022-07-17__orig-library-1469-of-7793.jpeg,697b6c0ee376f02842682f020374a097a83fbd7d76ea0e1242a24ed394c3302e
"Phone Files/Photos/New Year’s Eve, December 31, 2021/Library - 652 of 7793.jpeg",4361991,Archiavellian-Archive/Communication_Backup/09_Unresolved_or_Review_Needed/Photos_Screenshots/2026-03-17_155301_finder_phone_files_photos_snapshot/normalized_files/who-unknown__what-photo__where-new-years-eve__when-2021-12-31__orig-library-652-of-7793.jpeg,c4cfeb16f090d1538db72102d7fa4d7ca2f621d36a2f68ba6a0aaf6f16cdbaad
"Phone Files/Photos/Englewood, April 30, 2022/Library - 1015 of 7793.jpeg",4360815,Archiavellian-Archive/Communication_Backup/09_Unresolved_or_Review_Needed/Photos_Screenshots/2026-03-17_155301_finder_phone_files_photos_snapshot/normalized_files/who-unknown__what-photo__where-englewood__when-2022-04-30__orig-library-1015-of-7793.jpeg,9b239baac3fb3869c6f164e7f1d32f14f49b7d82c5d11f4bc296e73718ba3415
"Phone Files/Photos/Nicoya, July 6, 2022/Library - 1352 of 7793.jpeg",4359450,Archiavellian-Archive/Communication_Backup/09_Unresolved_or_Review_Needed/Photos_Screenshots/2026-03-17_155301_finder_phone_files_photos_snapshot/normalized_files/who-unknown__what-photo__where-nicoya__when-2022-07-06__orig-library-1352-of-7793.jpeg,c443b86c4cf9e5cb69d93d0b458639610570b154b4555d351cff00188aab3488
"Phone Files/Photos/Denver, October 31, 2021/Library - 437 of 7793.jpeg",4347639,Archiavellian-Archive/Communication_Backup/09_Unresolved_or_Review_Needed/Photos_Screenshots/2026-03-17_155301_finder_phone_files_photos_snapshot/normalized_files/who-unknown__what-photo__where-denver__when-2021-10-31__orig-library-437-of-7793.jpeg,95739a7cb0ceb006fbb236de1deb1ce84c99cd136a27cbe199a8cf7760b38cf9
"Phone Files/Photos/Cloverdale & Dundee, June 16, 2022/Library - 1259 of 7793.jpeg",4341670,Archiavellian-Archive/Communication_Backup/09_Unresolved_or_Review_Needed/Photos_Screenshots/2026-03-17_155301_finder_phone_files_photos_snapshot/normalized_files/who-unknown__what-photo__where-cloverdale-dundee__when-2022-06-16__orig-library-1259-of-7793.jpeg,e6320e481cd02d2506f4d8c208ebabf7f4c91e7308bd7c058fabceb3fc044ab1
"Phone Files/Photos/Nicoya, August 4, 2022/Library - 1673 of 7793.jpeg",4297579,Archiavellian-Archive/Communication_Backup/09_Unresolved_or_Review_Needed/Photos_Screenshots/2026-03-17_155301_finder_phone_files_photos_snapshot/normalized_files/who-unknown__what-photo__where-nicoya__when-2022-08-04__orig-library-1673-of-7793.jpeg,44a6b1b839161b365e34d7013e6a0a92b2a459c199f176c2833858f106243b7f
"Phone Files/Photos/Denver, January 15, 2022/Library - 695 of 7793.jpeg",4295526,Archiavellian-Archive/Communication_Backup/09_Unresolved_or_Review_Needed/Photos_Screenshots/2026-03-17_155301_finder_phone_files_photos_snapshot/normalized_files/who-unknown__what-photo__where-denver__when-2022-01-15__orig-library-695-of-7793.jpeg,de6cda15a25a1f212ab8b8c7c4315a02d381baeae634840e031c619d344c96ed
"Phone Files/Photos/Nicoya, July 7, 2022/Library - 1359 of 7793.jpeg",4289325,Archiavellian-Archive/Communication_Backup/09_Unresolved_or_Review_Needed/Photos_Screenshots/2026-03-17_155301_finder_phone_files_photos_snapshot/normalized_files/who-unknown__what-photo__where-nicoya__when-2022-07-07__orig-library-1359-of-7793.jpeg,eb7704df73239f3aaf70c3d97853d32752076fbd2edb31e8d9653579c41cf55b
"Phone Files/Photos/Denver, May 24, 2022/Library - 1160 of 7793.jpeg",4276321,Archiavellian-Archive/Communication_Backup/09_Unresolved_or_Review_Needed/Photos_Screenshots/2026-03-17_155301_finder_phone_files_photos_snapshot/normalized_files/who-unknown__what-photo__where-denver__when-2022-05-24__orig-library-1160-of-7793.jpeg,e5692b33158f3e13b09e1c273c2aad0757c97f405f14461608fba3f304f25c32
"Phone Files/Photos/Denver, October 23, 2022/Library - 1986 of 7793.jpeg",4269193,Archiavellian-Archive/Communication_Backup/09_Unresolved_or_Review_Needed/Photos_Screenshots/2026-03-17_155301_finder_phone_files_photos_snapshot/normalized_files/who-unknown__what-photo__where-denver__when-2022-10-23__orig-library-1986-of-7793.jpeg,ebdaf8b939137bdeddd595fd9c36aae5961556e4fd8ae7a336d74f563890432f
"Phone Files/Photos/Denver, November 23, 2021/Library - 523 of 7793.jpeg",4263117,Archiavellian-Archive/Communication_Backup/09_Unresolved_or_Review_Needed/Photos_Screenshots/2026-03-17_155301_finder_phone_files_photos_snapshot/normalized_files/who-unknown__what-photo__where-denver__when-2021-11-23__orig-library-523-of-7793.jpeg,8991a87a4ca0894b9714640e19bf831c1b0a9e944432ac9490ba4b9c8224f9c0
"Phone Files/Photos/Nicoya, August 4, 2022/Library - 1672 of 7793.jpeg",4236814,Archiavellian-Archive/Communication_Backup/09_Unresolved_or_Review_Needed/Photos_Screenshots/2026-03-17_155301_finder_phone_files_photos_snapshot/normalized_files/who-unknown__what-photo__where-nicoya__when-2022-08-04__orig-library-1672-of-7793.jpeg,b75145881302bca7277d9329f20d68f9c31bc70866f28e1b26b66f80f32eb3ef
"Phone Files/Photos/Denver, October 23, 2022/Library - 1987 of 7793.jpeg",4231775,Archiavellian-Archive/Communication_Backup/09_Unresolved_or_Review_Needed/Photos_Screenshots/2026-03-17_155301_finder_phone_files_photos_snapshot/normalized_files/who-unknown__what-photo__where-denver__when-2022-10-23__orig-library-1987-of-7793.jpeg,1c4d2b7945e9f733d9744df23be8280f8a407d20cc3a7e10464f1fb2abc28e17
"Phone Files/Photos/Nicoya, July 8, 2022/Library - 1382 of 7793.jpeg",4227700,Archiavellian-Archive/Communication_Backup/09_Unresolved_or_Review_Needed/Photos_Screenshots/2026-03-17_155301_finder_phone_files_photos_snapshot/normalized_files/who-unknown__what-photo__where-nicoya__when-2022-07-08__orig-library-1382-of-7793.jpeg,2ccf7a2a94ccdfa4fcf9e09846615528313afd6e54140eb690b6688503f709a0
"Phone Files/Photos/Frisco, September 4, 2021/Library - 260 of 7793.jpeg",4224400,Archiavellian-Archive/Communication_Backup/09_Unresolved_or_Review_Needed/Photos_Screenshots/2026-03-17_155301_finder_phone_files_photos_snapshot/normalized_files/who-unknown__what-photo__where-frisco__when-2021-09-04__orig-library-260-of-7793.jpeg,2ce3df9e641e7662946ea1d35fa8c434bdb085d7f63e4a955b4c768f256caf37
"Phone Files/Photos/San Carlos, September 17, 2022/Library - 1830 of 7793.jpeg",4202323,Archiavellian-Archive/Communication_Backup/09_Unresolved_or_Review_Needed/Photos_Screenshots/2026-03-17_155301_finder_phone_files_photos_snapshot/normalized_files/who-unknown__what-photo__where-san-carlos__when-2022-09-17__orig-library-1830-of-7793.jpeg,8027f31982e47930d3b3b8e196228efe9e62dee70675e31701a230c8154ca8c5
"Phone Files/Photos/August 28, 2021/Library - 245 of 7793.jpeg",4195290,Archiavellian-Archive/Communication_Backup/09_Unresolved_or_Review_Needed/Photos_Screenshots/2026-03-17_155301_finder_phone_files_photos_snapshot/normalized_files/who-unknown__what-photo__where-unknown__when-2021-08-28__orig-library-245-of-7793.jpeg,81a7674c25d2444cc85172d1cd7481f640b2c93c71a376e41b7bc74d6216a618
"Phone Files/Photos/Coors Field, May 7, 2022/Library - 1057 of 7793.jpeg",4189562,Archiavellian-Archive/Communication_Backup/09_Unresolved_or_Review_Needed/Photos_Screenshots/2026-03-17_155301_finder_phone_files_photos_snapshot/normalized_files/who-unknown__what-photo__where-coors-field__when-2022-05-07__orig-library-1057-of-7793.jpeg,8485f2aca99d32da56d9a32e1b2c4391806ec39a9e6f333179d189997f4c5fed
"Phone Files/Photos/Denver, January 4, 2022/Library - 670 of 7793.jpeg",4188859,Archiavellian-Archive/Communication_Backup/09_Unresolved_or_Review_Needed/Photos_Screenshots/2026-03-17_155301_finder_phone_files_photos_snapshot/normalized_files/who-unknown__what-photo__where-denver__when-2022-01-04__orig-library-670-of-7793.jpeg,3f4b4fa751dea75da18dc819638b9fced288c1d1b359022e24d3044bd5f5a1bb
"Phone Files/Photos/Denver, October 6, 2022/Library - 1926 of 7793.jpeg",4181259,Archiavellian-Archive/Communication_Backup/09_Unresolved_or_Review_Needed/Photos_Screenshots/2026-03-17_155301_finder_phone_files_photos_snapshot/normalized_files/who-unknown__what-photo__where-denver__when-2022-10-06__orig-library-1926-of-7793.jpeg,21cbb0ddfd14f87ad1c117a20a7dc9bbd0c39ddace564eb494aef7f044d3a7b0
"Phone Files/Photos/Denver, October 21, 2022/Library - 1956 of 7793.jpeg",4173911,Archiavellian-Archive/Communication_Backup/09_Unresolved_or_Review_Needed/Photos_Screenshots/2026-03-17_155301_finder_phone_files_photos_snapshot/normalized_files/who-unknown__what-photo__where-denver__when-2022-10-21__orig-library-1956-of-7793.jpeg,876be52401588e8ea87ab904d2e34a17dd901ed113e083aba0b66b138741052b
"Phone Files/Photos/Nicoya, July 13, 2022/Library - 1415 of 7793.jpeg",4171781,Archiavellian-Archive/Communication_Backup/09_Unresolved_or_Review_Needed/Photos_Screenshots/2026-03-17_155301_finder_phone_files_photos_snapshot/normalized_files/who-unknown__what-photo__where-nicoya__when-2022-07-13__orig-library-1415-of-7793.jpeg,5ff11740a8a07017105aa74362f526eac8a97aab26b1b9faee0acff7431a741a
"Phone Files/Photos/Denver, September 2, 2022/Library - 1757 of 7793.jpeg",4152976,Archiavellian-Archive/Communication_Backup/09_Unresolved_or_Review_Needed/Photos_Screenshots/2026-03-17_155301_finder_phone_files_photos_snapshot/normalized_files/who-unknown__what-photo__where-denver__when-2022-09-02__orig-library-1757-of-7793.jpeg,1781de641484213dadba939868a8612a1df31b5380a484063bb0acf2d2a498de
"Phone Files/Photos/Denver, May 26, 2021/Library - 36 of 7793.jpeg",4143383,Archiavellian-Archive/Communication_Backup/09_Unresolved_or_Review_Needed/Photos_Screenshots/2026-03-17_155301_finder_phone_files_photos_snapshot/normalized_files/who-unknown__what-photo__where-denver__when-2021-05-26__orig-library-36-of-7793.jpeg,6bb94314a57c69deaff602c964282ee9462fdf0e6c6003d8a0845baf8799dfb9
"Phone Files/Photos/Boulder, October 17, 2021/Library - 403 of 7793.jpeg",4126821,Archiavellian-Archive/Communication_Backup/09_Unresolved_or_Review_Needed/Photos_Screenshots/2026-03-17_155301_finder_phone_files_photos_snapshot/normalized_files/who-unknown__what-photo__where-boulder__when-2021-10-17__orig-library-403-of-7793.jpeg,9881ea1ecb9592bbf3f006eee7f81099f0c6addc9f42aebda7d012bb362c93a4
"Phone Files/Photos/August 21, 2021/Library - 228 of 7793.jpeg",4117385,Archiavellian-Archive/Communication_Backup/09_Unresolved_or_Review_Needed/Photos_Screenshots/2026-03-17_155301_finder_phone_files_photos_snapshot/normalized_files/who-unknown__what-photo__where-unknown__when-2021-08-21__orig-library-228-of-7793.jpeg,dc8bb519b293ef24a8236cc2a95d834831458698a3343c3be588d574caf24be2
"Phone Files/Photos/October 9, 2022/Library - 1934 of 7793.jpeg",4109425,Archiavellian-Archive/Communication_Backup/09_Unresolved_or_Review_Needed/Photos_Screenshots/2026-03-17_155301_finder_phone_files_photos_snapshot/normalized_files/who-unknown__what-photo__where-unknown__when-2022-10-09__orig-library-1934-of-7793.jpeg,4e041e78567b460af052c23357b37f5a66697ec013eb9d43053332b2b41da33d
"Phone Files/Photos/Nicoya, August 4, 2022/Library - 1681 of 7793.jpeg",4100838,Archiavellian-Archive/Communication_Backup/09_Unresolved_or_Review_Needed/Photos_Screenshots/2026-03-17_155301_finder_phone_files_photos_snapshot/normalized_files/who-unknown__what-photo__where-nicoya__when-2022-08-04__orig-library-1681-of-7793.jpeg,e2e2b32bccb579c5fe25f91003971090a19ae953d4d6ef3a0e6d7553eb4a8392
"Phone Files/Photos/June 13, 2022/Library - 1246 of 7793.jpeg",4098938,Archiavellian-Archive/Communication_Backup/09_Unresolved_or_Review_Needed/Photos_Screenshots/2026-03-17_155301_finder_phone_files_photos_snapshot/normalized_files/who-unknown__what-photo__where-unknown__when-2022-06-13__orig-library-1246-of-7793.jpeg,6b05b1c1c17ecc7c27aa1fc346047a60966290dc888a2f94948027db00f924d3
"Phone Files/Photos/Denver, December 17, 2021/Library - 577 of 7793.jpeg",4097576,Archiavellian-Archive/Communication_Backup/09_Unresolved_or_Review_Needed/Photos_Screenshots/2026-03-17_155301_finder_phone_files_photos_snapshot/normalized_files/who-unknown__what-photo__where-denver__when-2021-12-17__orig-library-577-of-7793.jpeg,938c2f1e7799b494be7adacfeaa17c9c78e6edc9a188d817456de16b32e6b012
"Phone Files/Photos/June 25, 2022/Library - 1301 of 7793.jpeg",4095959,Archiavellian-Archive/Communication_Backup/09_Unresolved_or_Review_Needed/Photos_Screenshots/2026-03-17_155301_finder_phone_files_photos_snapshot/normalized_files/who-unknown__what-photo__where-unknown__when-2022-06-25__orig-library-1301-of-7793.jpeg,269b0fdbf61e82ffa8a8a66fdba57604626b521d95415f6a4f02b9c4ab5e8003
"Phone Files/Photos/Denver, July 9, 2021/Library - 160 of 7793.jpeg",4083962,Archiavellian-Archive/Communication_Backup/09_Unresolved_or_Review_Needed/Photos_Screenshots/2026-03-17_155301_finder_phone_files_photos_snapshot/normalized_files/who-unknown__what-photo__where-denver__when-2021-07-09__orig-library-160-of-7793.jpeg,00dcd75b931efb820a6b60a46cd54d603cccd3caa6ed92d33c6e81cefdb0375f
"Phone Files/Photos/Denver, September 28, 2022/Library - 1917 of 7793.jpeg",4073954,Archiavellian-Archive/Communication_Backup/09_Unresolved_or_Review_Needed/Photos_Screenshots/2026-03-17_155301_finder_phone_files_photos_snapshot/normalized_files/who-unknown__what-photo__where-denver__when-2022-09-28__orig-library-1917-of-7793.jpeg,cf9e111f1dfbbcac3bac032f1f4316db792de9e223a69a9a8c79ca36d518238c
"Phone Files/Photos/Saylorsburg & Brodheadsville, November 13, 2021/Library - 493 of 7793.jpeg",4071327,Archiavellian-Archive/Communication_Backup/09_Unresolved_or_Review_Needed/Photos_Screenshots/2026-03-17_155301_finder_phone_files_photos_snapshot/normalized_files/who-unknown__what-photo__where-saylorsburg-brodheadsville__when-2021-11-13__orig-library-493-of-7793.jpeg,9178e559104ff79105c719b6eb0c551baf9f8a7ba95b6aca2e53cdc6616cf422
"Phone Files/Photos/Nicoya, July 17, 2022/Library - 1471 of 7793.jpeg",4069663,Archiavellian-Archive/Communication_Backup/09_Unresolved_or_Review_Needed/Photos_Screenshots/2026-03-17_155301_finder_phone_files_photos_snapshot/normalized_files/who-unknown__what-photo__where-nicoya__when-2022-07-17__orig-library-1471-of-7793.jpeg,da9a6926456678f479be25b1f77d44f072c0828c10426ea91b1ca15a1008c761
"Phone Files/Photos/Saylorsburg & Brodheadsville, November 13, 2021/Library - 508 of 7793.jpeg",4063277,Archiavellian-Archive/Communication_Backup/09_Unresolved_or_Review_Needed/Photos_Screenshots/2026-03-17_155301_finder_phone_files_photos_snapshot/normalized_files/who-unknown__what-photo__where-saylorsburg-brodheadsville__when-2021-11-13__orig-library-508-of-7793.jpeg,069c89264927b3bba213fc063a7c09275f6acb02bdce06721f63fb150eba1484
"Phone Files/Photos/Denver, November 13, 2021/Library - 513 of 7793.jpeg",4060968,Archiavellian-Archive/Communication_Backup/09_Unresolved_or_Review_Needed/Photos_Screenshots/2026-03-17_155301_finder_phone_files_photos_snapshot/normalized_files/who-unknown__what-photo__where-denver__when-2021-11-13__orig-library-513-of-7793.jpeg,44c7edc59bc98e5d21664c0258856145635fd3b1101810308d990485f04a8b64
"Phone Files/Photos/Winter Park Resort, April 2, 2022/Library - 946 of 7793.jpeg",4053943,Archiavellian-Archive/Communication_Backup/09_Unresolved_or_Review_Needed/Photos_Screenshots/2026-03-17_155301_finder_phone_files_photos_snapshot/normalized_files/who-unknown__what-photo__where-winter-park-resort__when-2022-04-02__orig-library-946-of-7793.jpeg,3377b6e34af68e7a1be558726c9fd12c0194feafcc7290ec26d06b7b9f1f573d
"Phone Files/Photos/Saylorsburg & Brodheadsville, November 13, 2021/Library - 507 of 7793.jpeg",4046934,Archiavellian-Archive/Communication_Backup/09_Unresolved_or_Review_Needed/Photos_Screenshots/2026-03-17_155301_finder_phone_files_photos_snapshot/normalized_files/who-unknown__what-photo__where-saylorsburg-brodheadsville__when-2021-11-13__orig-library-507-of-7793.jpeg,e2038e43309eb94c7cd0af03de2eca7c59fd705c8fdd2875438552193be24625
"Phone Files/Photos/Aurora, August 29, 2021/Library - 251 of 7793.jpeg",4041291,Archiavellian-Archive/Communication_Backup/09_Unresolved_or_Review_Needed/Photos_Screenshots/2026-03-17_155301_finder_phone_files_photos_snapshot/normalized_files/who-unknown__what-photo__where-aurora__when-2021-08-29__orig-library-251-of-7793.jpeg,85b568632b324e5d27b5370be184eb4b209e6f31712672ff273c336dfe903692
"Phone Files/Photos/Saylorsburg & Brodheadsville, November 13, 2021/Library - 505 of 7793.jpeg",4040043,Archiavellian-Archive/Communication_Backup/09_Unresolved_or_Review_Needed/Photos_Screenshots/2026-03-17_155301_finder_phone_files_photos_snapshot/normalized_files/who-unknown__what-photo__where-saylorsburg-brodheadsville__when-2021-11-13__orig-library-505-of-7793.jpeg,52f526e7b5ab8f84ab202dbbd4991b2cb4977d539ab541c50666919648c88562
"Phone Files/Photos/Lands End, January 1, 2022/Library - 664 of 7793.jpeg",4021424,Archiavellian-Archive/Communication_Backup/09_Unresolved_or_Review_Needed/Photos_Screenshots/2026-03-17_155301_finder_phone_files_photos_snapshot/normalized_files/who-unknown__what-photo__where-lands-end__when-2022-01-01__orig-library-664-of-7793.jpeg,bf1334b69baf2d1aa9d317fcea331e09c5acf6c13e25e6578cb397887d670b63
"Phone Files/Photos/Denver, September 22, 2021/Library - 306 of 7793.jpeg",4021189,Archiavellian-Archive/Communication_Backup/09_Unresolved_or_Review_Needed/Photos_Screenshots/2026-03-17_155301_finder_phone_files_photos_snapshot/normalized_files/who-unknown__what-photo__where-denver__when-2021-09-22__orig-library-306-of-7793.jpeg,cbbac20d8b0a4c90dcb287171a0e3888e34176cc316584fd5afc4c865a4c1d58
"Phone Files/Photos/Denver, December 16, 2021/Library - 576 of 7793.jpeg",4017138,Archiavellian-Archive/Communication_Backup/09_Unresolved_or_Review_Needed/Photos_Screenshots/2026-03-17_155301_finder_phone_files_photos_snapshot/normalized_files/who-unknown__what-photo__where-denver__when-2021-12-16__orig-library-576-of-7793.jpeg,9e6840c82254eca044d4f6f74315eaef1648ad354e30a6c60bec2f1a5872cf86
"Phone Files/Photos/Denver, February 18, 2022/Library - 813 of 7793.jpeg",4007247,Archiavellian-Archive/Communication_Backup/09_Unresolved_or_Review_Needed/Photos_Screenshots/2026-03-17_155301_finder_phone_files_photos_snapshot/normalized_files/who-unknown__what-photo__where-denver__when-2022-02-18__orig-library-813-of-7793.jpeg,6afce17663da07ee1c87ff7f7db0c10237ac4ba08c0f84d4a105ea23e768e8ae
"Phone Files/Photos/Denver, May 30, 2022/Library - 1182 of 7793.jpeg",4006768,Archiavellian-Archive/Communication_Backup/09_Unresolved_or_Review_Needed/Photos_Screenshots/2026-03-17_155301_finder_phone_files_photos_snapshot/normalized_files/who-unknown__what-photo__where-denver__when-2022-05-30__orig-library-1182-of-7793.jpeg,7f7e71297665562d30e2f29094d6f2500f9a630cd2d43eea06226e614010dca6
"Phone Files/Photos/Coors Field, May 7, 2022/Library - 1058 of 7793.jpeg",3998698,Archiavellian-Archive/Communication_Backup/09_Unresolved_or_Review_Needed/Photos_Screenshots/2026-03-17_155301_finder_phone_files_photos_snapshot/normalized_files/who-unknown__what-photo__where-coors-field__when-2022-05-07__orig-library-1058-of-7793.jpeg,eeb4efac3f1e6f4de3adafd48ad10d42e6fff15f0548208f4cdfaa760c240884
"Phone Files/Photos/Denver, January 15, 2022/Library - 696 of 7793.jpeg",3997021,Archiavellian-Archive/Communication_Backup/09_Unresolved_or_Review_Needed/Photos_Screenshots/2026-03-17_155301_finder_phone_files_photos_snapshot/normalized_files/who-unknown__what-photo__where-denver__when-2022-01-15__orig-library-696-of-7793.jpeg,9c3cff27f9bb2fb8987e25ab987c10a795e2a7db9edf9d70020cddfcdc0efdac
"Phone Files/Photos/Denver, September 23, 2022/Library - 1899 of 7793.jpeg",3982139,Archiavellian-Archive/Communication_Backup/09_Unresolved_or_Review_Needed/Photos_Screenshots/2026-03-17_155301_finder_phone_files_photos_snapshot/normalized_files/who-unknown__what-photo__where-denver__when-2022-09-23__orig-library-1899-of-7793.jpeg,9947f5f681b2d5f485d14672ba1c8c1cee8691694c520145a3b5ec9c4664f9a8
"Phone Files/Photos/Saylorsburg & Brodheadsville, November 13, 2021/Library - 495 of 7793.jpeg",3981988,Archiavellian-Archive/Communication_Backup/09_Unresolved_or_Review_Needed/Photos_Screenshots/2026-03-17_155301_finder_phone_files_photos_snapshot/normalized_files/who-unknown__what-photo__where-saylorsburg-brodheadsville__when-2021-11-13__orig-library-495-of-7793.jpeg,ab41b305dcd292e58b3ef7ccaeebfda094bd997716e79ab7a80d1a1041a7efeb
"Phone Files/Photos/Lands End, January 1, 2022/Library - 666 of 7793.jpeg",3976255,Archiavellian-Archive/Communication_Backup/09_Unresolved_or_Review_Needed/Photos_Screenshots/2026-03-17_155301_finder_phone_files_photos_snapshot/normalized_files/who-unknown__what-photo__where-lands-end__when-2022-01-01__orig-library-666-of-7793.jpeg,f96030d13ea7d5090d6965e75abf45531dac4f2e093669111fa59424eae0df0f
"Phone Files/Photos/Lands End, January 1, 2022/Library - 667 of 7793.jpeg",3966056,Archiavellian-Archive/Communication_Backup/09_Unresolved_or_Review_Needed/Photos_Screenshots/2026-03-17_155301_finder_phone_files_photos_snapshot/normalized_files/who-unknown__what-photo__where-lands-end__when-2022-01-01__orig-library-667-of-7793.jpeg,b3430755c372aa77bc6c6cd57a6cdc521c584504470f23dc78a526deedeabea4
"Phone Files/Photos/Denver, June 10, 2021/Library - 76 of 7793.jpeg",3964314,Archiavellian-Archive/Communication_Backup/09_Unresolved_or_Review_Needed/Photos_Screenshots/2026-03-17_155301_finder_phone_files_photos_snapshot/normalized_files/who-unknown__what-photo__where-denver__when-2021-06-10__orig-library-76-of-7793.jpeg,35289bd287b3857176a2312ee399149d59fcbb968de018ebba67c6bc9e48319d
"Phone Files/Photos/Christmas Eve, December 24, 2021/Library - 611 of 7793.jpeg",3963986,Archiavellian-Archive/Communication_Backup/09_Unresolved_or_Review_Needed/Photos_Screenshots/2026-03-17_155301_finder_phone_files_photos_snapshot/normalized_files/who-unknown__what-photo__where-christmas-eve__when-2021-12-24__orig-library-611-of-7793.jpeg,7e1d5ebabcf913a21d855fccbd4736061c564796bf6419309bec7a28c71436b0
"Phone Files/Photos/Denver, February 12, 2022/Library - 787 of 7793.jpeg",3961588,Archiavellian-Archive/Communication_Backup/09_Unresolved_or_Review_Needed/Photos_Screenshots/2026-03-17_155301_finder_phone_files_photos_snapshot/normalized_files/who-unknown__what-photo__where-denver__when-2022-02-12__orig-library-787-of-7793.jpeg,295415cd150c20ecd7b85db0bfe57e495280909e8db626f4be2a09e40df20757
"Phone Files/Photos/Denver, September 22, 2021/Library - 307 of 7793.jpeg",3961534,Archiavellian-Archive/Communication_Backup/09_Unresolved_or_Review_Needed/Photos_Screenshots/2026-03-17_155301_finder_phone_files_photos_snapshot/normalized_files/who-unknown__what-photo__where-denver__when-2021-09-22__orig-library-307-of-7793.jpeg,7f3d85c5791625b9086bd6191b4fce97726a99980ecf399f349da7edd18af57a
"Phone Files/Photos/Lands End, January 1, 2022/Library - 665 of 7793.jpeg",3952523,Archiavellian-Archive/Communication_Backup/09_Unresolved_or_Review_Needed/Photos_Screenshots/2026-03-17_155301_finder_phone_files_photos_snapshot/normalized_files/who-unknown__what-photo__where-lands-end__when-2022-01-01__orig-library-665-of-7793.jpeg,138dd7a587b88694dc5312f33a7210a0c93745b706e06b213f2a98a96e68a997
"Phone Files/Photos/Englewood, April 30, 2022/Library - 1038 of 7793.jpeg",3951352,Archiavellian-Archive/Communication_Backup/09_Unresolved_or_Review_Needed/Photos_Screenshots/2026-03-17_155301_finder_phone_files_photos_snapshot/normalized_files/who-unknown__what-photo__where-englewood__when-2022-04-30__orig-library-1038-of-7793.jpeg,c40859be07c93a12e26162a8ad90b0304cde58e8e80171edbd220693692e84cd
"Phone Files/Photos/Denver, January 27, 2022/Library - 731 of 7793.jpeg",3937372,Archiavellian-Archive/Communication_Backup/09_Unresolved_or_Review_Needed/Photos_Screenshots/2026-03-17_155301_finder_phone_files_photos_snapshot/normalized_files/who-unknown__what-photo__where-denver__when-2022-01-27__orig-library-731-of-7793.jpeg,2b4ac8a0767ee4f3b1f3d284c5b9f875eab32e36386404aee24adc9e628e3910
"Phone Files/Photos/Nicoya, July 23, 2022/Library - 1540 of 7793.jpeg",3934565,Archiavellian-Archive/Communication_Backup/09_Unresolved_or_Review_Needed/Photos_Screenshots/2026-03-17_155301_finder_phone_files_photos_snapshot/normalized_files/who-unknown__what-photo__where-nicoya__when-2022-07-23__orig-library-1540-of-7793.jpeg,3dc2e1a39f057c05d57b44271f0bcdb6e7c6837676d09c48fd9c16b4c5449482
"Phone Files/Photos/San Carlos, September 19, 2022/Library - 1849 of 7793.jpeg",3929970,Archiavellian-Archive/Communication_Backup/09_Unresolved_or_Review_Needed/Photos_Screenshots/2026-03-17_155301_finder_phone_files_photos_snapshot/normalized_files/who-unknown__what-photo__where-san-carlos__when-2022-09-19__orig-library-1849-of-7793.jpeg,c3a341b0a5397c45a6a6765cdd03e7f528f4d4beb86125e6cbafe1e2e425bef4
"Phone Files/Photos/Denver, June 19, 2021/Library - 91 of 7793.jpeg",3927083,Archiavellian-Archive/Communication_Backup/09_Unresolved_or_Review_Needed/Photos_Screenshots/2026-03-17_155301_finder_phone_files_photos_snapshot/normalized_files/who-unknown__what-photo__where-denver__when-2021-06-19__orig-library-91-of-7793.jpeg,4ae3a5dd4c34734545d3eca5caef9de8b1d5d8db30fc94a3f3f43d046d5e7133
"Phone Files/Photos/Denver, December 15, 2021/Library - 567 of 7793.jpeg",3922830,Archiavellian-Archive/Communication_Backup/09_Unresolved_or_Review_Needed/Photos_Screenshots/2026-03-17_155301_finder_phone_files_photos_snapshot/normalized_files/who-unknown__what-photo__where-denver__when-2021-12-15__orig-library-567-of-7793.jpeg,4e00c77fa70cc311468ace5e1f7a45dd54f29e80beb606d62081084392bc95b6
"Phone Files/Photos/Christmas Day, December 25, 2021/Library - 617 of 7793.jpeg",3905023,Archiavellian-Archive/Communication_Backup/09_Unresolved_or_Review_Needed/Photos_Screenshots/2026-03-17_155301_finder_phone_files_photos_snapshot/normalized_files/who-unknown__what-photo__where-christmas-day__when-2021-12-25__orig-library-617-of-7793.jpeg,a3c2e98bb7c37366c99dc02acf483920775d5dcb2fb3908ce9ee570946afd30c
"Phone Files/Photos/New York, September 14, 2021/Library - 293 of 7793.jpeg",3903172,Archiavellian-Archive/Communication_Backup/09_Unresolved_or_Review_Needed/Photos_Screenshots/2026-03-17_155301_finder_phone_files_photos_snapshot/normalized_files/who-unknown__what-photo__where-new-york__when-2021-09-14__orig-library-293-of-7793.jpeg,720572b4a60e45fd20ee7e4999fe2cfcb67cba03e9cf3d422dadcafc338d0542
"Phone Files/Photos/Denver, October 23, 2022/Library - 1976 of 7793.jpeg",3898446,Archiavellian-Archive/Communication_Backup/09_Unresolved_or_Review_Needed/Photos_Screenshots/2026-03-17_155301_finder_phone_files_photos_snapshot/normalized_files/who-unknown__what-photo__where-denver__when-2022-10-23__orig-library-1976-of-7793.jpeg,0229017183772cd8f1af0c205792f3a06aaa451dbe2f929307b2bde243e3ea1c
"Phone Files/Photos/Englewood, April 30, 2022/Library - 1039 of 7793.jpeg",3897275,Archiavellian-Archive/Communication_Backup/09_Unresolved_or_Review_Needed/Photos_Screenshots/2026-03-17_155301_finder_phone_files_photos_snapshot/normalized_files/who-unknown__what-photo__where-englewood__when-2022-04-30__orig-library-1039-of-7793.jpeg,24191ed3e54049c01325f8e5aea4c085af44f781d86b89e4c2c3de41c096a93b
"Phone Files/Photos/Nicoya, August 4, 2022/Library - 1678 of 7793.jpeg",3895591,Archiavellian-Archive/Communication_Backup/09_Unresolved_or_Review_Needed/Photos_Screenshots/2026-03-17_155301_finder_phone_files_photos_snapshot/normalized_files/who-unknown__what-photo__where-nicoya__when-2022-08-04__orig-library-1678-of-7793.jpeg,9df81e35621ed610e0afa0c5afae9f77a3d70a88c9ac1fed4dafcde6090e08f1
Phone Files/Audio_07_28_2025_21_29_20.mp3,3892338,Archiavellian-Archive/inbox/google-drive/2026-04/ingest-2026-04-20-net-new/Aneumind/Audio_07_28_2025_21_29_20.mp3,ce0fab3cd0d9c967248127f8ac2e41d247d05e3894c34d3e9b3b88ead356ae25
"Phone Files/Photos/Denver, October 28, 2022/Library - 1993 of 7793.jpeg",3887567,Archiavellian-Archive/Communication_Backup/09_Unresolved_or_Review_Needed/Photos_Screenshots/2026-03-17_155301_finder_phone_files_photos_snapshot/normalized_files/who-unknown__what-photo__where-denver__when-2022-10-28__orig-library-1993-of-7793.jpeg,2c4cddac1865d6227847e0de8b24e4ff879e0f40cb2f3809e85af654e077ea51
"Phone Files/Photos/Denver, October 28, 2022/Library - 1994 of 7793.jpeg",3879289,Archiavellian-Archive/Communication_Backup/09_Unresolved_or_Review_Needed/Photos_Screenshots/2026-03-17_155301_finder_phone_files_photos_snapshot/normalized_files/who-unknown__what-photo__where-denver__when-2022-10-28__orig-library-1994-of-7793.jpeg,d1687a63690a754e8fbf2f4be64dab8cb243fb550a0ce4b6c5c38beb0a4b4d8a
"Phone Files/Photos/Nicoya, July 17, 2022/Library - 1496 of 7793.jpeg",3869503,Archiavellian-Archive/Communication_Backup/09_Unresolved_or_Review_Needed/Photos_Screenshots/2026-03-17_155301_finder_phone_files_photos_snapshot/normalized_files/who-unknown__what-photo__where-nicoya__when-2022-07-17__orig-library-1496-of-7793.jpeg,17de080d1f283b023432b36097573279806c74f2ed6ba1d915193f6630e653f1
"Phone Files/Photos/Denver, April 20, 2022/Library - 987 of 7793.jpeg",3866550,Archiavellian-Archive/Communication_Backup/09_Unresolved_or_Review_Needed/Photos_Screenshots/2026-03-17_155301_finder_phone_files_photos_snapshot/normalized_files/who-unknown__what-photo__where-denver__when-2022-04-20__orig-library-987-of-7793.jpeg,00bfd19fcdd32aa0b6d84ab14af4002d952854a9207c6fcc39c32c1d33a8d4f9
"Phone Files/Photos/Denver, July 9, 2021/Library - 159 of 7793.jpeg",3853765,Archiavellian-Archive/Communication_Backup/09_Unresolved_or_Review_Needed/Photos_Screenshots/2026-03-17_155301_finder_phone_files_photos_snapshot/normalized_files/who-unknown__what-photo__where-denver__when-2021-07-09__orig-library-159-of-7793.jpeg,0171cbcbdfab2f85983b77165fb68b41dbbecc7fdb6f47c09d12f38ab1966106
"Phone Files/Photos/Denver, May 24, 2022/Library - 1159 of 7793.jpeg",3838300,Archiavellian-Archive/Communication_Backup/09_Unresolved_or_Review_Needed/Photos_Screenshots/2026-03-17_155301_finder_phone_files_photos_snapshot/normalized_files/who-unknown__what-photo__where-denver__when-2022-05-24__orig-library-1159-of-7793.jpeg,375e07cd39d8533535723ef3e5edd4a68f8add75f4e3f23db0c360b559245491
"Phone Files/Photos/Denver, September 15, 2022/Library - 1790 of 7793.jpeg",3838019,Archiavellian-Archive/Communication_Backup/09_Unresolved_or_Review_Needed/Photos_Screenshots/2026-03-17_155301_finder_phone_files_photos_snapshot/normalized_files/who-unknown__what-photo__where-denver__when-2022-09-15__orig-library-1790-of-7793.jpeg,3b0dd1ee020b28f8a96c8448d9afd192428eb7bed8dac995f022c7d00a585059
"Phone Files/Photos/Denver, December 15, 2021/Library - 570 of 7793.jpeg",3837330,Archiavellian-Archive/Communication_Backup/09_Unresolved_or_Review_Needed/Photos_Screenshots/2026-03-17_155301_finder_phone_files_photos_snapshot/normalized_files/who-unknown__what-photo__where-denver__when-2021-12-15__orig-library-570-of-7793.jpeg,dd4ac6309f825930970d428ff2615e38e8bd037907def501d550585f46e321e2
"Phone Files/Photos/Denver, July 24, 2021/Library - 187 of 7793.jpeg",3832172,Archiavellian-Archive/Communication_Backup/09_Unresolved_or_Review_Needed/Photos_Screenshots/2026-03-17_155301_finder_phone_files_photos_snapshot/normalized_files/who-unknown__what-photo__where-denver__when-2021-07-24__orig-library-187-of-7793.jpeg,58a773deaa8d698f03c87c61261edb958a801e743dc8e7897f504a4e163b48f8
"Phone Files/Photos/Denver, April 28, 2022/Library - 1010 of 7793.jpeg",3832099,Archiavellian-Archive/Communication_Backup/09_Unresolved_or_Review_Needed/Photos_Screenshots/2026-03-17_155301_finder_phone_files_photos_snapshot/normalized_files/who-unknown__what-photo__where-denver__when-2022-04-28__orig-library-1010-of-7793.jpeg,1c069b582e97a861b312efe267ee89b2465e5c327e2bd20ed248a5a6199099f7
"Phone Files/Photos/Denver, December 7, 2021/Library - 537 of 7793.jpeg",3830665,Archiavellian-Archive/Communication_Backup/09_Unresolved_or_Review_Needed/Photos_Screenshots/2026-03-17_155301_finder_phone_files_photos_snapshot/normalized_files/who-unknown__what-photo__where-denver__when-2021-12-07__orig-library-537-of-7793.jpeg,8627ebf28579562b588670f056264e22e0f9e844a819b4a0f135b4cbf8cff73b
"Phone Files/Photos/Denver, June 29, 2021/Library - 115 of 7793.jpeg",3812381,Archiavellian-Archive/Communication_Backup/09_Unresolved_or_Review_Needed/Photos_Screenshots/2026-03-17_155301_finder_phone_files_photos_snapshot/normalized_files/who-unknown__what-photo__where-denver__when-2021-06-29__orig-library-115-of-7793.jpeg,5a1b6cceb9326e9051c4138bc7215554439fb98c7e4565d4fed2f8ea7b033d81
"Phone Files/Photos/Saylorsburg & Brodheadsville, November 13, 2021/Library - 497 of 7793.jpeg",3809457,Archiavellian-Archive/Communication_Backup/09_Unresolved_or_Review_Needed/Photos_Screenshots/2026-03-17_155301_finder_phone_files_photos_snapshot/normalized_files/who-unknown__what-photo__where-saylorsburg-brodheadsville__when-2021-11-13__orig-library-497-of-7793.jpeg,43637f20c225fb4a8844d1871b8f63293e9a806b7cc49a8e2cd92f8f72792708
"Phone Files/Photos/Denver, February 11, 2022/Library - 781 of 7793.jpeg",3802077,Archiavellian-Archive/Communication_Backup/09_Unresolved_or_Review_Needed/Photos_Screenshots/2026-03-17_155301_finder_phone_files_photos_snapshot/normalized_files/who-unknown__what-photo__where-denver__when-2022-02-11__orig-library-781-of-7793.jpeg,7b95ac318395e288c636b8b9418970dbc626f21193b4bf73fad7b0e62658721a
"Phone Files/Photos/San Carlos, September 17, 2022/Library - 1815 of 7793.jpeg",3800910,Archiavellian-Archive/Communication_Backup/09_Unresolved_or_Review_Needed/Photos_Screenshots/2026-03-17_155301_finder_phone_files_photos_snapshot/normalized_files/who-unknown__what-photo__where-san-carlos__when-2022-09-17__orig-library-1815-of-7793.jpeg,8f35e730f3e845b2df47f0da85d7657ecc12b9718e9800a8862dd6f97ff71294
"Phone Files/Photos/Denver, August 30, 2022/Library - 1747 of 7793.jpeg",3785072,Archiavellian-Archive/Communication_Backup/09_Unresolved_or_Review_Needed/Photos_Screenshots/2026-03-17_155301_finder_phone_files_photos_snapshot/normalized_files/who-unknown__what-photo__where-denver__when-2022-08-30__orig-library-1747-of-7793.jpeg,d3a4c2761ef77e9edff33cd0a131baac7c5aa139634eb3104213830bf35f92ee
"Phone Files/Photos/Denver, October 11, 2021/Library - 380 of 7793.jpeg",3783765,Archiavellian-Archive/Communication_Backup/09_Unresolved_or_Review_Needed/Photos_Screenshots/2026-03-17_155301_finder_phone_files_photos_snapshot/normalized_files/who-unknown__what-photo__where-denver__when-2021-10-11__orig-library-380-of-7793.jpeg,61dc7533ae1ec71d3a695358c84ddbc5b98dcbe6dc2c3b94abc45a029db9ef87
"Phone Files/Photos/Denver, May 30, 2022/Library - 1183 of 7793.jpeg",3781376,Archiavellian-Archive/Communication_Backup/09_Unresolved_or_Review_Needed/Photos_Screenshots/2026-03-17_155301_finder_phone_files_photos_snapshot/normalized_files/who-unknown__what-photo__where-denver__when-2022-05-30__orig-library-1183-of-7793.jpeg,f417c1f7bd990d099940b81466362734f593b8b33a1006f94468d6f3bc487ddb
"Phone Files/Photos/John T Hoggard High, August 16, 2021/Library - 219 of 7793.jpeg",3771085,Archiavellian-Archive/Communication_Backup/09_Unresolved_or_Review_Needed/Photos_Screenshots/2026-03-17_155301_finder_phone_files_photos_snapshot/normalized_files/who-unknown__what-photo__where-john-t-hoggard-high__when-2021-08-16__orig-library-219-of-7793.jpeg,f106b9eab3e3b880f4789f45926111daf42c18f49c538a5267d5d04a9cd5f77c
"Phone Files/Photos/Denver, February 21, 2022/Library - 820 of 7793.jpeg",3769830,Archiavellian-Archive/Communication_Backup/09_Unresolved_or_Review_Needed/Photos_Screenshots/2026-03-17_155301_finder_phone_files_photos_snapshot/normalized_files/who-unknown__what-photo__where-denver__when-2022-02-21__orig-library-820-of-7793.jpeg,af550681d1a1a5687fbc56cbd3bc8dc2c958db37e49157a0e31da228875b42b6
"Phone Files/Photos/Nicoya, July 22, 2022/Library - 1537 of 7793.jpeg",3761816,Archiavellian-Archive/Communication_Backup/09_Unresolved_or_Review_Needed/Photos_Screenshots/2026-03-17_155301_finder_phone_files_photos_snapshot/normalized_files/who-unknown__what-photo__where-nicoya__when-2022-07-22__orig-library-1537-of-7793.jpeg,9e6771b546a4d88eed297ae1d09ed7b62a642c7e4e3a1589d7237c9e4d6761af
"Phone Files/Photos/San Carlos, September 17, 2022/Library - 1814 of 7793.jpeg",3760913,Archiavellian-Archive/Communication_Backup/09_Unresolved_or_Review_Needed/Photos_Screenshots/2026-03-17_155301_finder_phone_files_photos_snapshot/normalized_files/who-unknown__what-photo__where-san-carlos__when-2022-09-17__orig-library-1814-of-7793.jpeg,fafa0ca1d52efd392ca7218c8b42cc83cd278698d4b1048bd228c0343b7a798e
"Phone Files/Photos/Christmas Day, December 25, 2021/Library - 626 of 7793.jpeg",3757473,Archiavellian-Archive/Communication_Backup/09_Unresolved_or_Review_Needed/Photos_Screenshots/2026-03-17_155301_finder_phone_files_photos_snapshot/normalized_files/who-unknown__what-photo__where-christmas-day__when-2021-12-25__orig-library-626-of-7793.jpeg,f97d8142589a428f9557349f71ee1e97a5d7dc6ba3e810ffa87f73188bdedcda
"Phone Files/Photos/Denver, October 25, 2021/Library - 432 of 7793.jpeg",3757405,Archiavellian-Archive/Communication_Backup/09_Unresolved_or_Review_Needed/Photos_Screenshots/2026-03-17_155301_finder_phone_files_photos_snapshot/normalized_files/who-unknown__what-photo__where-denver__when-2021-10-25__orig-library-432-of-7793.jpeg,386630c403ba30c96b7701ae66ecf5846b7c7a7f25a99772cd67ef52cdd21d44
"Phone Files/Photos/Denver, March 12, 2022/Library - 894 of 7793.jpeg",3751878,Archiavellian-Archive/Communication_Backup/09_Unresolved_or_Review_Needed/Photos_Screenshots/2026-03-17_155301_finder_phone_files_photos_snapshot/normalized_files/who-unknown__what-photo__where-denver__when-2022-03-12__orig-library-894-of-7793.jpeg,1dab4beea68b3e1fca33411d0fa05f2fe070021dcd6c614e2053166224fa2550
"Phone Files/Photos/Denver, July 3, 2022/Library - 1334 of 7793.jpeg",3751106,Archiavellian-Archive/Communication_Backup/09_Unresolved_or_Review_Needed/Photos_Screenshots/2026-03-17_155301_finder_phone_files_photos_snapshot/normalized_files/who-unknown__what-photo__where-denver__when-2022-07-03__orig-library-1334-of-7793.jpeg,bde5f85cff93383c5c34dd6954f35a095f7eaab853c5f3880aec9292571a735a
"Phone Files/Photos/June 13, 2022/Library - 1248 of 7793.jpeg",3743951,Archiavellian-Archive/Communication_Backup/09_Unresolved_or_Review_Needed/Photos_Screenshots/2026-03-17_155301_finder_phone_files_photos_snapshot/normalized_files/who-unknown__what-photo__where-unknown__when-2022-06-13__orig-library-1248-of-7793.jpeg,92eee99515f1da440ce40aede280aa74ec77b0f9e07942391425577d616b7ffe
"Phone Files/Photos/Denver, October 11, 2021/Library - 381 of 7793.jpeg",3737283,Archiavellian-Archive/Communication_Backup/09_Unresolved_or_Review_Needed/Photos_Screenshots/2026-03-17_155301_finder_phone_files_photos_snapshot/normalized_files/who-unknown__what-photo__where-denver__when-2021-10-11__orig-library-381-of-7793.jpeg,bab23052d554f03c67d1ff45ba5ca85985b9566bd96651306afd565346e1f025
"Phone Files/Photos/Littleton, December 9, 2021/Library - 556 of 7793.jpeg",3736423,Archiavellian-Archive/Communication_Backup/09_Unresolved_or_Review_Needed/Photos_Screenshots/2026-03-17_155301_finder_phone_files_photos_snapshot/normalized_files/who-unknown__what-photo__where-littleton__when-2021-12-09__orig-library-556-of-7793.jpeg,41880f99296adb33e13ec58c0e9a381b368ef6d578b1b2a9e53bab1f8d52b315
"Phone Files/Photos/Breckenridge, September 5, 2021/Library - 271 of 7793.jpeg",3733382,Archiavellian-Archive/Communication_Backup/09_Unresolved_or_Review_Needed/Photos_Screenshots/2026-03-17_155301_finder_phone_files_photos_snapshot/normalized_files/who-unknown__what-photo__where-breckenridge__when-2021-09-05__orig-library-271-of-7793.jpeg,e256de499d1593c828c8d73f3c017f1099e8416d990a6819e253e3f6695d840c
"Phone Files/Photos/Denver, March 4, 2022/Library - 871 of 7793.jpeg",3731862,Archiavellian-Archive/Communication_Backup/09_Unresolved_or_Review_Needed/Photos_Screenshots/2026-03-17_155301_finder_phone_files_photos_snapshot/normalized_files/who-unknown__what-photo__where-denver__when-2022-03-04__orig-library-871-of-7793.jpeg,74cfbad14b727058ce0d99a6f2e8a5d816249f6cd9ad54d9121686e6b64d4b67
"Phone Files/Photos/Christmas Day, December 25, 2021/Library - 625 of 7793.jpeg",3731230,Archiavellian-Archive/Communication_Backup/09_Unresolved_or_Review_Needed/Photos_Screenshots/2026-03-17_155301_finder_phone_files_photos_snapshot/normalized_files/who-unknown__what-photo__where-christmas-day__when-2021-12-25__orig-library-625-of-7793.jpeg,2b765b9e9b46b0ee1dcfc49349950c9cd65b203f8770a8889b19e85189df87cd
"Phone Files/Photos/Denver, October 2, 2022/Library - 1920 of 7793.jpeg",3720899,Archiavellian-Archive/Communication_Backup/09_Unresolved_or_Review_Needed/Photos_Screenshots/2026-03-17_155301_finder_phone_files_photos_snapshot/normalized_files/who-unknown__what-photo__where-denver__when-2022-10-02__orig-library-1920-of-7793.jpeg,e59a8a8afc3780adc79aaea5f672b0480fdd70141b4e44db667cdfa19b49490e
"Phone Files/Photos/Denver, July 9, 2021/Library - 167 of 7793.jpeg",3717892,Archiavellian-Archive/Communication_Backup/09_Unresolved_or_Review_Needed/Photos_Screenshots/2026-03-17_155301_finder_phone_files_photos_snapshot/normalized_files/who-unknown__what-photo__where-denver__when-2021-07-09__orig-library-167-of-7793.jpeg,2575397b1e8ca2da89cbefad6e5b269f70b9c79f0d55d2429352c53125073a92
"Phone Files/Photos/Denver, September 29, 2021/Library - 340 of 7793.jpeg",3714512,Archiavellian-Archive/Communication_Backup/09_Unresolved_or_Review_Needed/Photos_Screenshots/2026-03-17_155301_finder_phone_files_photos_snapshot/normalized_files/who-unknown__what-photo__where-denver__when-2021-09-29__orig-library-340-of-7793.jpeg,8a2be1bc5d8f0e44c491b0c1e1acc1be719b471ca35fb33f07fd39affcd62fc1
"Phone Files/Photos/Saylorsburg & Brodheadsville, November 13, 2021/Library - 502 of 7793.jpeg",3710027,Archiavellian-Archive/Communication_Backup/09_Unresolved_or_Review_Needed/Photos_Screenshots/2026-03-17_155301_finder_phone_files_photos_snapshot/normalized_files/who-unknown__what-photo__where-saylorsburg-brodheadsville__when-2021-11-13__orig-library-502-of-7793.jpeg,958d508049a6658fb4bd6a420ad1e5718715bcbe9464e6561f797acf7f268e02
"Phone Files/Photos/Denver, August 26, 2021/Library - 238 of 7793.jpeg",3704659,Archiavellian-Archive/Communication_Backup/09_Unresolved_or_Review_Needed/Photos_Screenshots/2026-03-17_155301_finder_phone_files_photos_snapshot/normalized_files/who-unknown__what-photo__where-denver__when-2021-08-26__orig-library-238-of-7793.jpeg,5e232ee965682a7ffb6485f41dfdbb0a62100c9dc51fe2af10f3955534463b81
"Phone Files/Photos/March 30, 2022/Library - 939 of 7793.jpeg",3702916,Archiavellian-Archive/Communication_Backup/09_Unresolved_or_Review_Needed/Photos_Screenshots/2026-03-17_155301_finder_phone_files_photos_snapshot/normalized_files/who-unknown__what-photo__where-unknown__when-2022-03-30__orig-library-939-of-7793.jpeg,05794815cfe41bc60e51448e5b744fc0ebbd66d24500ebb57c3779b637f4ff4b
"Phone Files/Photos/Denver, March 29, 2022/Library - 938 of 7793.jpeg",3692368,Archiavellian-Archive/Communication_Backup/09_Unresolved_or_Review_Needed/Photos_Screenshots/2026-03-17_155301_finder_phone_files_photos_snapshot/normalized_files/who-unknown__what-photo__where-denver__when-2022-03-29__orig-library-938-of-7793.jpeg,455b6af762302de14c9e6b12c42ea1d5cf34d532875b42da11099c3ff5dbfba9
"Phone Files/Photos/Denver, August 23, 2022/Library - 1744 of 7793.jpeg",3690972,Archiavellian-Archive/Communication_Backup/09_Unresolved_or_Review_Needed/Photos_Screenshots/2026-03-17_155301_finder_phone_files_photos_snapshot/normalized_files/who-unknown__what-photo__where-denver__when-2022-08-23__orig-library-1744-of-7793.jpeg,44c964554b3fd3b497bb72d1b7ccb2d1130cb9ef56d2732d4b57759417476079
"Phone Files/Photos/Denver, November 15, 2022/Library - 2066 of 7793.jpeg",3684494,Archiavellian-Archive/Communication_Backup/09_Unresolved_or_Review_Needed/Photos_Screenshots/2026-03-17_155301_finder_phone_files_photos_snapshot/normalized_files/who-unknown__what-photo__where-denver__when-2022-11-15__orig-library-2066-of-7793.jpeg,1462f129ccb6e255c9ee18dc3cd0e32d0abefab0bf7d6fc7f4f093880f6a3333
"Phone Files/Photos/Denver, May 7, 2022/Library - 1074 of 7793.jpeg",3682748,Archiavellian-Archive/Communication_Backup/09_Unresolved_or_Review_Needed/Photos_Screenshots/2026-03-17_155301_finder_phone_files_photos_snapshot/normalized_files/who-unknown__what-photo__where-denver__when-2022-05-07__orig-library-1074-of-7793.jpeg,b7d1b49c81fa1e48215d650bbc12bb0dc28be9266aa14f170378d16048adaf32
"Phone Files/Photos/Denver, September 27, 2021/Library - 336 of 7793.jpeg",3677408,Archiavellian-Archive/Communication_Backup/09_Unresolved_or_Review_Needed/Photos_Screenshots/2026-03-17_155301_finder_phone_files_photos_snapshot/normalized_files/who-unknown__what-photo__where-denver__when-2021-09-27__orig-library-336-of-7793.jpeg,2d45610615a6301c895c9b75f2cc84037010f40a2c765d41ac5df8ed68a8680c
"Phone Files/Photos/Punta Gorda, February 28, 2022/Library - 857 of 7793.jpeg",3673935,Archiavellian-Archive/Communication_Backup/09_Unresolved_or_Review_Needed/Photos_Screenshots/2026-03-17_155301_finder_phone_files_photos_snapshot/normalized_files/who-unknown__what-photo__where-punta-gorda__when-2022-02-28__orig-library-857-of-7793.jpeg,cf1f1e26a22fb72fcc5148ec300f97abdecdc1b815985db07584ca6f099a1b55
"Phone Files/Photos/Denver, September 27, 2021/Library - 335 of 7793.jpeg",3665638,Archiavellian-Archive/Communication_Backup/09_Unresolved_or_Review_Needed/Photos_Screenshots/2026-03-17_155301_finder_phone_files_photos_snapshot/normalized_files/who-unknown__what-photo__where-denver__when-2021-09-27__orig-library-335-of-7793.jpeg,87fd59cf201c51d047749c598a27a5c2d9c984f6a62698d9ca6b38a1e4d97a63
"Phone Files/Photos/Denver, June 7, 2022/Library - 1218 of 7793.jpeg",3654385,Archiavellian-Archive/Communication_Backup/09_Unresolved_or_Review_Needed/Photos_Screenshots/2026-03-17_155301_finder_phone_files_photos_snapshot/normalized_files/who-unknown__what-photo__where-denver__when-2022-06-07__orig-library-1218-of-7793.jpeg,99f502876c27f09c72602ea99441c98fed73a2d2e9be52ab1a69b608e3bb8fc2
"Phone Files/Photos/March 24, 2022/Library - 921 of 7793.jpeg",3653065,Archiavellian-Archive/Communication_Backup/09_Unresolved_or_Review_Needed/Photos_Screenshots/2026-03-17_155301_finder_phone_files_photos_snapshot/normalized_files/who-unknown__what-photo__where-unknown__when-2022-03-24__orig-library-921-of-7793.jpeg,d32da7525f37769c65fae7964ca4314eb7f9fc82560e026079bb5a5b15368c22
"Phone Files/Photos/Saylorsburg & Brodheadsville, November 13, 2021/Library - 503 of 7793.jpeg",3652761,Archiavellian-Archive/Communication_Backup/09_Unresolved_or_Review_Needed/Photos_Screenshots/2026-03-17_155301_finder_phone_files_photos_snapshot/normalized_files/who-unknown__what-photo__where-saylorsburg-brodheadsville__when-2021-11-13__orig-library-503-of-7793.jpeg,eb7c027c0c4d60aeceec90797db3d13ae8fde4bd91068aebfb8e3b016ae199be
"Phone Files/Photos/Denver, February 11, 2022/Library - 776 of 7793.jpeg",3651574,Archiavellian-Archive/Communication_Backup/09_Unresolved_or_Review_Needed/Photos_Screenshots/2026-03-17_155301_finder_phone_files_photos_snapshot/normalized_files/who-unknown__what-photo__where-denver__when-2022-02-11__orig-library-776-of-7793.jpeg,735c9db908a0441244addd01a3ce295d579d542db0cdbf206401c7e58e0350c9
"Phone Files/Photos/Nicoya, July 16, 2022/Library - 1441 of 7793.jpeg",3644175,Archiavellian-Archive/Communication_Backup/09_Unresolved_or_Review_Needed/Photos_Screenshots/2026-03-17_155301_finder_phone_files_photos_snapshot/normalized_files/who-unknown__what-photo__where-nicoya__when-2022-07-16__orig-library-1441-of-7793.jpeg,3c60b15cd86af505770af161b8e39e15989bf37bcdce8f7ae91b31f2f983e435
"Phone Files/Photos/Nicoya, August 2, 2022/Library - 1650 of 7793.jpeg",3644076,Archiavellian-Archive/Communication_Backup/09_Unresolved_or_Review_Needed/Photos_Screenshots/2026-03-17_155301_finder_phone_files_photos_snapshot/normalized_files/who-unknown__what-photo__where-nicoya__when-2022-08-02__orig-library-1650-of-7793.jpeg,4fab4c9b008f4588fb8db54a65b55b1505a4803cc69d80a1e41e6e8f2327758c
"Phone Files/Photos/Colorado Springs, May 29, 2022/Library - 1177 of 7793.jpeg",3633619,Archiavellian-Archive/Communication_Backup/09_Unresolved_or_Review_Needed/Photos_Screenshots/2026-03-17_155301_finder_phone_files_photos_snapshot/normalized_files/who-unknown__what-photo__where-colorado-springs__when-2022-05-29__orig-library-1177-of-7793.jpeg,82f7b15fead7bc9360aa8491727be42370234bcfd7b05a10c3adfb7056bd01e4
"Phone Files/Photos/Denver, May 24, 2022/Library - 1155 of 7793.jpeg",3632561,Archiavellian-Archive/Communication_Backup/09_Unresolved_or_Review_Needed/Photos_Screenshots/2026-03-17_155301_finder_phone_files_photos_snapshot/normalized_files/who-unknown__what-photo__where-denver__when-2022-05-24__orig-library-1155-of-7793.jpeg,4ac54390736d2d950490e98a98c8886e3e672913cb87f125f76a4ae8f6662f7d
"Phone Files/Photos/Denver, February 11, 2022/Library - 775 of 7793.jpeg",3630422,Archiavellian-Archive/Communication_Backup/09_Unresolved_or_Review_Needed/Photos_Screenshots/2026-03-17_155301_finder_phone_files_photos_snapshot/normalized_files/who-unknown__what-photo__where-denver__when-2022-02-11__orig-library-775-of-7793.jpeg,bb782a9735eb336a8589110cc2e8d1ca26f38c8a1e5fb06aa501de6733b0c346
"Phone Files/Photos/Centennial, October 23, 2021/Library - 428 of 7793.jpeg",3625746,Archiavellian-Archive/Communication_Backup/09_Unresolved_or_Review_Needed/Photos_Screenshots/2026-03-17_155301_finder_phone_files_photos_snapshot/normalized_files/who-unknown__what-photo__where-centennial__when-2021-10-23__orig-library-428-of-7793.jpeg,bc8f211368fb6536eccaf3b7b5dba3ef3a15ec84efe400c896d6e19fc872f81b
"Phone Files/Photos/San Carlos, September 17, 2022/Library - 1826 of 7793.jpeg",3617826,Archiavellian-Archive/Communication_Backup/09_Unresolved_or_Review_Needed/Photos_Screenshots/2026-03-17_155301_finder_phone_files_photos_snapshot/normalized_files/who-unknown__what-photo__where-san-carlos__when-2022-09-17__orig-library-1826-of-7793.jpeg,703802aebe0a8070b9c4a3d5378abb13b2f234c8bbdd5b91e3ffe07d835995a9
"Phone Files/Photos/Denver, May 4, 2022/Library - 1044 of 7793.jpeg",3611952,Archiavellian-Archive/Communication_Backup/09_Unresolved_or_Review_Needed/Photos_Screenshots/2026-03-17_155301_finder_phone_files_photos_snapshot/normalized_files/who-unknown__what-photo__where-denver__when-2022-05-04__orig-library-1044-of-7793.jpeg,694b9b550dcc346b2afafb687c81645f0636f3ef596a180c2db27a99c194499f
"Phone Files/Photos/San Carlos, September 17, 2022/Library - 1817 of 7793.jpeg",3607773,Archiavellian-Archive/Communication_Backup/09_Unresolved_or_Review_Needed/Photos_Screenshots/2026-03-17_155301_finder_phone_files_photos_snapshot/normalized_files/who-unknown__what-photo__where-san-carlos__when-2022-09-17__orig-library-1817-of-7793.jpeg,84a8d718bce7c42cfef2c7f539efa155fdd274b1e0704e703aa6ff9f2e5cd47a
"Phone Files/Photos/Denver, April 6, 2022/Library - 960 of 7793.jpeg",3603543,Archiavellian-Archive/Communication_Backup/09_Unresolved_or_Review_Needed/Photos_Screenshots/2026-03-17_155301_finder_phone_files_photos_snapshot/normalized_files/who-unknown__what-photo__where-denver__when-2022-04-06__orig-library-960-of-7793.jpeg,04668d1703481f844c167dfe80d4ccb38ee3160acdf04b00958598663655a296
"Phone Files/Photos/Denver, September 30, 2021/Library - 342 of 7793.jpeg",3601515,Archiavellian-Archive/Communication_Backup/09_Unresolved_or_Review_Needed/Photos_Screenshots/2026-03-17_155301_finder_phone_files_photos_snapshot/normalized_files/who-unknown__what-photo__where-denver__when-2021-09-30__orig-library-342-of-7793.jpeg,7f0d4592c1c6c754711f04392b3df4917f12b2829c62f2125453ee1631223324
"Phone Files/Photos/Denver, December 19, 2021/Library - 582 of 7793.jpeg",3596403,Archiavellian-Archive/Communication_Backup/09_Unresolved_or_Review_Needed/Photos_Screenshots/2026-03-17_155301_finder_phone_files_photos_snapshot/normalized_files/who-unknown__what-photo__where-denver__when-2021-12-19__orig-library-582-of-7793.jpeg,76a759f776c7e7f831c9de41de1e52352f0dfacbc6f2782819b334c93abd341b
"Phone Files/Photos/Denver, December 15, 2021/Library - 568 of 7793.jpeg",3594071,Archiavellian-Archive/Communication_Backup/09_Unresolved_or_Review_Needed/Photos_Screenshots/2026-03-17_155301_finder_phone_files_photos_snapshot/normalized_files/who-unknown__what-photo__where-denver__when-2021-12-15__orig-library-568-of-7793.jpeg,217c26eb13f103db490be76ad9e292d92af51e51c305c36ce31da39e62672fc7
"Phone Files/Photos/Nicoya, August 4, 2022/Library - 1679 of 7793.jpeg",3591004,Archiavellian-Archive/Communication_Backup/09_Unresolved_or_Review_Needed/Photos_Screenshots/2026-03-17_155301_finder_phone_files_photos_snapshot/normalized_files/who-unknown__what-photo__where-nicoya__when-2022-08-04__orig-library-1679-of-7793.jpeg,613680496c03724ba4f245efcb8152adc72553c565f842af8f24a532cf86c354
"Phone Files/Photos/Punta Gorda, February 28, 2022/Library - 856 of 7793.jpeg",3590253,Archiavellian-Archive/Communication_Backup/09_Unresolved_or_Review_Needed/Photos_Screenshots/2026-03-17_155301_finder_phone_files_photos_snapshot/normalized_files/who-unknown__what-photo__where-punta-gorda__when-2022-02-28__orig-library-856-of-7793.jpeg,47a67db8b45ddc27c0afffed7ce7c0ae9ca7de212ee2a7d8f6e910a6aff15c38
"Phone Files/Photos/Portland, June 14, 2022/Library - 1253 of 7793.jpeg",3590058,Archiavellian-Archive/Communication_Backup/09_Unresolved_or_Review_Needed/Photos_Screenshots/2026-03-17_155301_finder_phone_files_photos_snapshot/normalized_files/who-unknown__what-photo__where-portland__when-2022-06-14__orig-library-1253-of-7793.jpeg,abf5ee410ee0f1459f5f2b0e87bef23282c7c53254f0824cbdec2e7f5f5f4a5c
"Phone Files/Photos/Denver, June 10, 2022/Library - 1221 of 7793.jpeg",3588103,Archiavellian-Archive/Communication_Backup/09_Unresolved_or_Review_Needed/Photos_Screenshots/2026-03-17_155301_finder_phone_files_photos_snapshot/normalized_files/who-unknown__what-photo__where-denver__when-2022-06-10__orig-library-1221-of-7793.jpeg,d4055f9b5a5b073674b36417faf3abd707801bb3459a67b47c4bb5be38e2e681
"Phone Files/Photos/Denver, April 10, 2022/Library - 968 of 7793.jpeg",3586950,Archiavellian-Archive/Communication_Backup/09_Unresolved_or_Review_Needed/Photos_Screenshots/2026-03-17_155301_finder_phone_files_photos_snapshot/normalized_files/who-unknown__what-photo__where-denver__when-2022-04-10__orig-library-968-of-7793.jpeg,cd6558d441e8a107a07f60a2ac35a654109ff0e4530f9e780f29712b86612cdd
"Phone Files/Photos/Denver, June 1, 2021/Library - 54 of 7793.jpeg",3584601,Archiavellian-Archive/Communication_Backup/09_Unresolved_or_Review_Needed/Photos_Screenshots/2026-03-17_155301_finder_phone_files_photos_snapshot/normalized_files/who-unknown__what-photo__where-denver__when-2021-06-01__orig-library-54-of-7793.jpeg,a15ec2040c8c3c3f163c1ac8b56ddff910943aef9f747d21432f713837a38739
"Phone Files/Photos/Denver, November 12, 2021/Library - 491 of 7793.jpeg",3581308,Archiavellian-Archive/Communication_Backup/09_Unresolved_or_Review_Needed/Photos_Screenshots/2026-03-17_155301_finder_phone_files_photos_snapshot/normalized_files/who-unknown__what-photo__where-denver__when-2021-11-12__orig-library-491-of-7793.jpeg,be698c0ed4e23decc01e25e7fda4b8eb24098b96f6d5c3f6f9d4cc5ee9644ba9
"Phone Files/Photos/Nicoya, July 6, 2022/Library - 1353 of 7793.jpeg",3577497,Archiavellian-Archive/Communication_Backup/09_Unresolved_or_Review_Needed/Photos_Screenshots/2026-03-17_155301_finder_phone_files_photos_snapshot/normalized_files/who-unknown__what-photo__where-nicoya__when-2022-07-06__orig-library-1353-of-7793.jpeg,77951759cde3f1e489e63b5a40eff5725cd3f1bd4cb2495075b6e8fc1c574fbd
"Phone Files/Photos/Denver, October 20, 2021/Library - 420 of 7793.jpeg",3574690,Archiavellian-Archive/Communication_Backup/09_Unresolved_or_Review_Needed/Photos_Screenshots/2026-03-17_155301_finder_phone_files_photos_snapshot/normalized_files/who-unknown__what-photo__where-denver__when-2021-10-20__orig-library-420-of-7793.jpeg,c854e83c2334312d7d76534bef2962a643883d0c37f4a33deba63968b49444cd
